用户Id,昵称,评论内容,点赞数
1522959375,我不是焦迈奇,"非酋
当妮走了
可不可以
不得不爱
一点点
恋爱循环
不知道
非酋
不知道
淋雨一直走
时间飞行
放个大招给你看
英文不会
时间飞行
yowowoyowowo",34074
17817819,沈虫虫,[呆]我发的消息大家看到吗？？？,18274
278660590,崔铭嘉,这歌我从晚上11点给大家通宵录到了早上7点…不过听到最后的成品觉得辛苦是值得的！大家一起加油！,15457
312434027,不知名的鱼崽,我来啦！_(:з」∠)_,9045
1518467973,Obviamente-,"非酋
当妮走后
可不可以
不得不爱
一点点
恋愛サ一キユレ一シ ョン
雨爱
非酋
Youth
淋雨一直走
失眠飞行
放个大招给你看
Waay Back  home
失眠飞行
来自天堂的魔鬼
心如止水
来自天堂的魔鬼
心如止水
ハレハレャ
别叫我达芬奇
说爱你
看好你的女友
你的前女友
归去来兮
出山
归去来兮
出山
缘分一道桥
See you aga",8875
1774554847,成长避不可免,无敌了 太好听啦 神仙歌手们(>_<),5988
635759244,山野志庸,做一个积极向上的人 读温柔的句子 见阳光的人 眼里全是温柔和笑意,4241
1449491974,MickeyLiki,"前排漏了这几首！
来自天堂的魔鬼
大碗宽面
朗朗晴天（日语）
别叫我达芬奇
说爱你
看好你的女友
你的前女友
归去来兮
出山
bridge of faith（中文）",3668
477424672,宇宙藏满你的温柔,"　　

　　
　　　

　　

　“希望看到这条评论的人永远开心”
　　　　 　　

　　
　　
　　　

　　　　 　　
　　　　 　　

　　
　　
　",3403
1681636234,但愿你知我,那个yowo[大哭]是脸红的思春期的You＝（I）,2783
1640466953,凶厌,愿所有热情都不会被辜负,2485
1907797266,辰曦一,这首歌我就不收藏不下载了，如果有人看到这句话的话麻烦留个赞，收到消息我就会进来听一遍，算是我自己给自己的一个惊喜吧。,2168
510441747,专款,因为你们，我才觉得一切都值得,1505
284772476,不吃辣星人,"相识
漫长
了解
靠近
倾心
惊讶
窃喜
慌张
担忧
逃避
试探
渴望
纠结
快乐
小心
假装
疑惑
关于
决定
真心
勇气
承认
庆幸
期待
相信
沉迷
疯狂
幻境
极致
依赖
冷淡
哽咽
心酸
错过
自嘲
痛苦
绝境
极端
迷茫
无奈
摧毁
失败
失望
狠心
缓解
否定
浮沉
人海
真实
早睡
祝好
所谓
爱情
皆与此",1315
349745604,蔡不是菜-519,《非酋》《当你走了remix》《 不得不爱》《恋愛サ一キユレ一シ ョン》《雨爱》《Youth》《淋雨一直走》《失眠飞行》《放个大招给你看》《Way Back home》《来自天堂的魔鬼》《ハレハレヤ》《别叫我达芬奇》《说爱你》《看好你的女友》《你的前女友》《归去来兮》《出山》《缘分一道桥》《See You Again》《7538》,891
﻿用户Id,昵称,评论内容,点赞数
18722731,MINYUTOKOOYO,这是我的在韩流席卷全球，日本国内遭AKB系列封锁，挺过解散大地震，现场永远只有三人表演，永远黑发，只卖歌卖舞不卖色，只卖萌卖帅不卖肉，着装高大上，几乎无绯闻，适合6-56岁年龄区间，代言iphone和奔驰高端周边，近年逐步升级为亚洲准第一女团为花牌情缘真人映画配信最新单曲！,12054
121444704,帐号已注销,语文老师教我们找病句要去掉枝叶，保留主干，让我看看……嗯，你想表达的是“这是我的单曲”[黑人问号？？？？],4049
56615631,A___Orange,凌晨活动完躺床上看到群里都在说perfume新曲配信，试着点开网易云，发现已经上传小秘书都没发私信。今天下午一看，不但歌词有人传了，评论一天不到300+评论，有点受宠若惊。新专辑已经下单，等正式发售转运回国。期待混音版FLASH，祝《Cosmic Explorer》大卖！6巡顺利举行！,2225
75983331,i嗨傑,评论这么多，主要还是Perfume粉够铁，更重要的是Perfume依然辣么出色。我的耳朵被电了几十次还没够[强][憨笑][憨笑][憨笑],1900
137085471,HarrisonCCcCRaZY,这是我的在韩流席卷全球，日本国内遭AKB系列封锁，挺过解散大地震，现场永远只有三人表演，永远黑发，只卖歌卖舞不卖色，只卖萌卖帅不卖肉，着装高大上，几乎无绯闻，适合6-56岁年龄区间，代言iphone和奔驰高端周边，近年逐步升级为亚洲准第一女团为花牌情缘真人映画配信最新单曲！,960
33159864,icring,一天300+评论！ 泼妇感动云村[流泪],894
122970412,malabazinga,一看到就忍不住用流量下载🌚,709
93729172,鶯鷺,红白歌会中被惊艳到了[色],546
249139050,砂糖suger,遵从小秘书的意志而来[大笑],487
98262380,归卿Menmer,东京白日梦来的小伙伴让我看到你们的双手[这边],482
133630854,在树上风干的切尔西球迷,这红白又拉了一遍人气啊，希望能有更多的人爱上我泼！,333
45210710,烟九圆,东京八分钟！！！,302
87113126,孤岛蔚蓝,红白我泼得罪服装师摄影师系列，村花得罪化妆师系列[汗],287
503198296,Mcarecrow,谁在飞车听的，点一下,210
348070242,東雲明日月,作为科普，有何不可？,62
﻿用户Id,昵称,评论内容,点赞数
1323807037,柏松M,愿世间的美好，与你环环相扣。,430881
77767748,尹初七,此时已莺飞草长，爱的人正在路上。,267808
1323807037,柏松M,每天起床都会看一遍大家的评论，很开心能够得到大家的支持和认可[憨笑]大家有考研的，有工作的，有在努力学习的，也有在恋爱的[爱心]当然也有一些失落的[流感]不管哪种属于你，我都希望这首歌能够带给你们温暖和动力，努力认真面对这个美好的世界，大爱小爱都会有的，大家加油[强],250592
396394393,汤Tangggggg,考研一定要成功呀。,161296
1437043046,秋-Michelle,"两情相悦如今已经不多了，尤其在物欲横流的今天这已是奢望。但我仍然带着我的热情跟向往，在等待那个风雨夜归的人。

——柴静《用我的一辈子去忘记》 ​​​",133638
1593783394,我从来都只想要你快乐而已,真正能让你走远的 都是自律积极和勤奋,124338
1328555812,养一只月亮可不可以呀,总会出现一个人 让你感觉人间值得 ​,91214
287742806,_权全圈,温柔的晚风 傍晚的晚霞 解暑的西瓜 冒泡的可乐 人间的美好多着呢 不要为眼前的黑暗所迷惑. 你要相信自己配得上世间一切的美好.,76059
1327173144,埃洛瓦,去图书馆之前，我会先洗把脸，再梳好头发，然后喷三下香水，最后带着耳机去看书。只要眼前还有书籍，耳中还有音乐，就能让我觉得整个世界还是美好的,73228
41686976,-大胡子叔叔-,不求环环相扣，只求十指紧握,46138
1323807037,柏松M,这个7月，希望这首歌能陪你们度过一个温暖的夏天。,38369
1323807037,柏松M,给我的新歌…一场泪热…打波广告呀，其实那首歌也真的好好听[憨笑],34911
1300636669,夕下趴睡羊,"烫手的烤锥栗，热腾腾的焦糖奶茶，大口呵出热气给你暖手的爱人，奶油味的羊绒毛衣和甜甜的拥抱。好想提前过冬天，一个容易变笨，适合撒娇的季节。 ​ ​​​

cr:爱口子",31229
1343706460,越长大越孤单丫,我已经变得温柔了，可你却不在了。也祝你考研一切顺利！,24508
435197433,向着光亮那方吖,所谓世间，你不就是吗@kon-kong ,17943
﻿用户Id,昵称,评论内容,点赞数
255047460,鹿与折耳猫,我喜歡星星 你眼睛很像星星 我直接喜歡你吧,48736
248049392,8ravo,总感觉是含着一块糖唱出来的[大笑],32802
29951957,----藍----,"树爬上云端
酒把人喝光
绵羊数着没有关灯的房子
大概你也在思念我",18619
495996923,飘柔少女,"如果我七岁
我可以垫起脚亲亲你 笑着说 我好喜欢你
如果我二十七岁
我可以给你承诺 大声告诉你 我很爱你
可惜我十七岁 我傲娇又脆弱的十七岁
只有自己知道的小心思
只能一遍遍听close to u
不敢明目张胆地靠近你",18533
271752908,C_Jeffey,别拿你的成绩单砸在我的车上，好好开车，月尾有提成[撇嘴],13231
57816644,电喵大战皮卡丘,纽约制作人Lucian联手新加坡女声&制作人Jasmine Sokko于昨日发布单曲Close to You，Lucian灵动的编排与清澈舒适的女声结合，Future元素带来的奇幻感能让你立马上瘾，不免让人期待两人在未来更多的合作。,11911
453070297,siannnry,我也试了含着糖唱歌，结果口水满屏，最后糖还卡在喉咙里面[流泪],10156
313782968,犹如短发的你,“爸爸，人的一生有多长?” “人的一生啊，就是从我睁开眼睛看到我的妈妈的那一刻开始，到我再也看不见你的妈妈的那一刻结束。”,9804
1293109857,昔玥泠,老师对我说，这个年纪有喜欢的人很正常，但是最好藏在心底，如果你想起她的时候就做一道数学题，等毕业时把做满数学题的本子放在她面前，告诉她你有多想她多喜欢她，不信她不感动，这个主意真的很好，当我做到第二题的时候，我就不喜欢她了,6221
536134325,袁家寨拖拉機手,今天在地铁里，两个美国佬在一起聊天谈论天气，没想到我竟然全听懂了。看来，努力学习还是很有效果的          不然他们怎么会把汉语说的这么流利呢！,4290
246029257,驴子鬼,夏日海风大街[爱心],3940
509439928,WangFanhua,"前几天我心情不太好，媳妇过来问我怎么了，我马着脸说我们男人的事你女人不懂...当时她转身就走我还以为她生气了，结果这傻姑娘跑厕所去画了一脸大胡子跑出来凑我跟前说:hei, 兄弟，怎么了？对视几秒钟后，我和她都笑得在地上打滚，呵呵，真好。",3745
364306402,帐号已注销,开口收[爱心],3471
337504603,窟窟不窟窟,明天联考，我想要十个赞的鼓励。,2480
311642816,FuturePop3,"“作为一个女性电音制作者，我希望大家关注是我的音乐，而不是我的相貌。”
Jasmine Sokko来自新加坡，是一个electric-pop流派新人，她创作的曲子旋律抓耳，清新脱俗，让人听一遍就爱上。相比大部分强节奏的电音作品来说，她的作品让人耳目一新，并且凭借优秀的美式发音和甜美的声线，实际不容小觑。",2258
﻿用户Id,昵称,评论内容,点赞数
92105464,音阙诗听,人生的路上，你种什么因，便得什么果。,485268
128367156,刈宁丷,"明天高考啦！
明天端午节！
今天看考场！
今天洗澡澡！
高三党让我看到你们的双手！

高考加油啊啊啊啊啊！（破音嘶吼＿）",289641
1682412234,帐号已注销,时雨及芒种，四野皆插秧。,130848
297204739,苏黎世化学,音阙诗听2016年成立，将传统民乐与流行电子元素结合，富有现代气息又不失古韵。赵方婧，英文Wimi，90后歌手，音乐创作人，就读华中科技大学同济医学院，以艺名“照妖镜“活跃网络翻唱圈，独特多变嗓音让人过耳不忘，温柔细腻不失大气。能很好驾驭各种风格歌曲，不论什么歌曲都有温柔味道，辨识度极高。,101062
344740953,洽洽洽同学,我种了个雨女下去，可是我却颗粒无收，或许这就是【雨女无瓜】吧[多多捂脸],79287
92105464,音阙诗听,听完芒种，记得也可以听一听我们别的二十四节气歌哟。,70052
514666759,月亮解忧店,今日芒种，栀子花开，麦黄梅熟，仲夏开始。,63997
646767878,其实我们都在努力被看到,我:这是什么神仙声音啊太好听了叭！我弟:是你永远达不到的声音。……？？！！,55855
483403474,梓钰啊,前排！好听！,55432
126673222,帐号已注销,可我种善因，却不得善果。,33716
629328280,黑夜难逃,你在尘世中沉思，或疑惑，或明悟，浑浑噩噩却也终将学会懂得。人生的路上，你种什么因，便得什么果。,28340
264312321,_三度和弦_,惊蛰：微雨众卉新，春分：花重锦官城，谷雨：无策禁花风，立夏：夏早日初长，小满：夜莺啼绿柳，芒种：相逢问蚕麦，夏至：旱甚雨辄至，霜降：冉冉岁将宴,24124
606804845,宝宝很酷超级酷,考完了语文和数学，明天加油，我必成功[大笑],22745
424311909,腿白,芒种南风扬 夏季雨满塘,17819
1623179838,长不高的柠檬树呀,你不能这个亚子,16139
﻿用户Id,昵称,评论内容,点赞数
246516335,MercyLago22,这不是什么喜剧说唱，这就是艺术,398712
419984988,梦想在路上ccc,"第一遍，这啥玩意？玩尬？ 第二遍，有点意思，好玩。 第三遍, 来 来~ 画个彩虹 ~对辽 这边再画个龙， 诶~ 彩虹 画龙 ，诶 画龙 ~",383300
340819185,凌晨ZeroChan,有的人表面看起来稳重的一比，背地里已经把野狼disco循环了十八遍。 ​,295888
1480897679,恶鬼多弗,你早点画龙 至于这么早就淘汰了吗,257036
548094712,动感男神刘海柱,老舅参加中国有嘻哈请大家支持他，毕竟东北就他一个独苗去了。,152244
322061064,达普达普,那是世纪末的的士高，歌舞厅，夜总会。不是电音不是后摇，只有的士高。经典粤语歌，东北人的粤语，闪光玻璃球，和北方方言流露的松快。那是我小时候的家，是我真真切切的老舅。,108464
91834800,超凡绝伦得人中龙凤,我就想问老舅一句，郭富城是咋画出来的,81321
332357357,留守儿童乐队,"那天姆们演出，台下pogo，我拿起麦克风来了一句“来左边跟我一起画个龙，右边画一道彩虹”

然后他们就用442阵型踢我！！！",61036
99989300,呆毛一尺三,来！左边跟我一起画亚龙 在你右边画个慧慧童~走起！来！左边跟我一起画慧童 在你右边亚龙打守虫~别停！在你胸口上笔画一个DYS 左边右边摇摇头 两个食指就像两个穿天猴 指向那个大秃头！,44050
61397600,Luchino,"跟我一起唱：[奸笑]森雷滴发，挪行又带雷回尬寨啦森翼酒吧，喇管它细怎细嘎~层内赠情有白，忙给总一磊他雷系坠迷银尬，磊几斗嘛~",42512
116049888,清佻,"来左边跟我一起画个🐉在你右边画一道🌈
来左边跟我一起画🌈在你右边再画个🐉在你胸口上比划一个🕺🏻👈🏻👉🏻摇摇头☝🏻👆🏻就像两个窜天🐵指向闪耀的🔮来全场一起跟我低下头🤚🖐往前🏊‍♂️🤦🏻‍♂️晃动你的💃🏻好像有事在🤷🏻‍♂",34584
307286756,向阳叔y,你给我滚上去  哈哈哈 就看到你这里笑了,30086
341169060,寸友,老舅这首歌你前一两次听或许觉得没啥 再往后听就越听越洗脑 我已经被洗了快一个月了..,24245
635487313,请保持通话,监控关一下谢谢,22014
423413273,PainEve,方仔：那老舅我也干不过他啊（委屈）,20151
﻿用户Id,昵称,评论内容,点赞数
72154439,枯木逢春夏秋冬,别对我失望，也别对这个世界失望，人生就是这样，在这一路上的风景有好有坏，有那么多走散的身影，但是庆幸的是能够彼此陪伴一场！我多想能多你陪一场！,248543
1721840260,岁笑,这一生要错过多少风景才不会错过你,147654
1388034668,昨夜我做了个噩梦,我多想久别重逢这个词发生在你我身上.,116469
1345606460,私费,心理学上说：对一个人的好感最多可以存在四个月，如果超过了那就是爱了。,96406
1535795663,一条小团团OvO游戏视频分享,"你说枯木逢春  我说生不逢时
你说生不逢时  我说时不逢人
你说时不逢人  我说逢人不是你
假如有下辈子
我希望枯木逢春
我逢你",87982
308256895,红橙黄绿青蓝紫的白_,"你要是愿意我就永远爱你
你要是不愿意我就永远相思
这一生的风景我不想错过你
",51454
1331873424,最后你终于清醒,所有的不合时宜的相遇啊 都遗憾的令人心疼,51448
474174690,偶尔想你啦,“其实我不用看到你的脸才能喜欢你，也不用听到你的声音，不用知道你有什么消息。我所知道的是，在生活中不多见的闪光的时刻我会想到你，烟花升起来，雪落下去，人们围上来拥抱我，这样的时刻。我猜你和世界上所有的美好连在一起。所以我想尽量去看一些好的东西，这就是我喜欢你的方式”,42604
1710918286,风在摇它旳叶子,"我多想多想，能陪你一场
把前半生的风景对你讲
也想后半生你依然在场
愿有人陪你走过山高水长
愿以后的日子，不再是一个人走向远方
枯木啊，总会遇到春和阳光
希望，所有的你们
也会遇到那丝属于自己的光
哪怕谣言纷纷
只身一人
也要不顾万人抵挡
到达心之向往的地方",29737
72154439,枯木逢春夏秋冬,我会尽力，把这首歌留在这里！,29491
69548480,帐号已注销,"若逢新雪初霁，满月当空，下面平铺着皓影，上面流转着亮银，而你带笑地向我走来，月色和雪色之间，你是第三种绝色。
——余光中《绝色》",21283
543755610,纵使天涯海角意难平,你承诺过的月亮还是没有出现，而我无眠，或者，我只是衣单天寒地，替你多爱了一夜人间。,20363
624438729,帐号已注销,我也想 能够把你照亮,18042
513559539,TrampoIine,我现在发现，很多人其实就是来我的世界转一圈看一看，觉得有意思就跟我多玩一会儿，觉得无聊就转身离开。我限制不了任何人的行为，不能留下任意一个，我只能把我的世界装扮得漂亮点，等下次有人来让他们愿意多玩一会儿。,16488
326355633,半生忧,"又一次失眠
羡慕早睡的人
早睡的人
就像早早躲进船舱
完美避开了
每晚不定时的情绪的惊涛骇浪
你不知道你离开以后
我活的像一条狗
晚安啊你",5342
﻿用户Id,昵称,评论内容,点赞数
125379624,Koooin,"我想谈一场公开的恋情
爸妈同意 亲戚知道
朋友祝福的恋爱
如果可以 只爱你一个[爱心][爱心]",357357
256233487,焦迈奇,这是一条优雅的广告：4月24号上午10点我的第一张正式专辑《我的名字》上线，大伙帮我盘一下,217262
302418635,顾均临,"突然想到JJ《关键词》中的一句歌词

“有一种踏实，当你口中喊我名字❤️”",140885
503419238,和歌Ya,焦迈奇 今天你那里吹风了吗 风有告诉你我喜欢你吗(˶‾᷄⁻̫‾᷅˵),90543
272797895,Aullos,我有一百种方法写下你的名字，可我喜欢的不是你名字，而是你,78308
574582679,帐号已注销,我的名字俗气至极，但并不影响我喜欢你[憨笑],68480
469765237,小红痣,人这一辈子，能被记住的也只有名字，你的名字被我刻在蛙店的角落，我的名字希望刻在你的脚心。,42784
615261298,小蓝蓝胖胖楠,昨天听好妹电台，焦迈奇说，本来歌名是一个电影角色的名字，又怕别人不知道，所以改成了我的名字。,36158
294891400,我是藥女,"好久不见，我们谈谈理想：我的理想是面朝大海也面朝你，种植葡萄也生产诗歌，酿造美酒也酿造宿醉，养小孩也养狗，放飞风筝也放飞自己，每天都在同一条街上遛弯也经常环游世界，时时怀有一个无限大无限美好的梦，但是每天早上都要自己煎鸡蛋和煮咖啡。 ​

",34824
119430835,长风界,多可怕，明明忘记的感情还记得的名字，提起来，又是个悲伤的故事。,27325
612980700,犯困的铁肥,"你的名字被我刻写在心头千万次，
能否在你我下一次相遇之时换取一个拥抱?",25165
82122894,耶耶YY,"第一次听焦迈奇的歌并不知道他是谁 长什么样子 就像五年前第一次听好妹妹时一样 只有耳机里温暖的声音 就好想死在耳机里
听着听着突然有想要了解他的冲动 才发现原来是这么阳光的男孩呀 就好像大学里的好朋友一样 
愿你永远开心 阳光 不管你的歌词里藏着多少故事 在面对我们时 你仍少年",24561
416136902,嫁给焦迈奇,"每个人都在说，不要太在意付出感，可我有时候就是想做个自私点的人。
想让你发现我做的很多事都是想让你看到，给你买的礼物不是我说的随手买而是凌晨守着抢的限量，唔，其实打榜也不是那么爱做，只是也想偷一点你的热情和喜欢。
我哪有那么无私啊，我只是有点贪心，想让你看见我的喜欢而已。",16877
398691360,指脸,拜托你轻声重着我的名字,15231
64194309,陈公子果酒,真的很佩服这个自己作曲作曲，笑起来笑容可以融化冬天的少年，很优秀！希望自己也能跟他一样，加油，拜托你轻声重着我的名字，陈公子！[大笑][大笑][大笑],10222
﻿用户Id,昵称,评论内容,点赞数
95138296,吴金龙就是牛,我给我可爱的女朋友听 我说这首歌比你可爱 然后……就没有然后了,91637
61659815,Marrrrshal,天啦噜快看这人有女朋友,73057
28708513,盐渍水母,"原版是女生向男生发脾气时,女生眼里的自己。这个remix，是女生向男生发脾气时,男生眼里的女生。x",37653
286136057,酒精催眠劑,前几天我男朋友给我听了这首歌告诉我这首歌比我可爱，然后，就没有然后了,31988
246112336,您的暴躁网友儿,我学校大扫除时就是放的这首歌，结果班上一群女生突然群魔乱舞……后来教导主任说这首歌节奏感不错，想让我们打扫卫生的更卖力点……【群脸懵逼】,24299
258535072,Nsigh,好像很多人以为是病娇歌。不是病娇歌啦，只是病娇向MMD用了这首歌而已，小笨蛋[憨笑][憨笑],18967
365256833,口耐的小绿丸,我正听这歌闭目养神，诶咔嚓一声[大笑]我赶紧醒了环顾四周，谁TM在给我照相，久久不能回过神，这歌有咔嚓声对吧，这歌有咔嚓声对吧,12460
353783740,某不知名电音爱好者,我差点就信了你有女朋友了,10394
366595671,快乐鸽子王流萤萤,“我会记仇哒，但你可以试试让我消消气吖？～”,6595
488778260,这是最后一次了好吗,恭喜你加入单身狗俱乐部,3907
254056469,你是我foreverbaby,高中的时候，班里有个漂亮的女孩，很多人喜欢她，为了她去约了一次群架，二三十个人吧，她说了谁打赢了就做他女朋友，我并不喜欢她，但是我喜欢把别人踩在脚下的感觉，力挽群雄，最后我赢了，把那女孩也打了一顿，然后扬长而去。——如果暴力不是为了杀戮，那将毫无意义。,3746
1599415367,川月帅的一匹,听这个歌时，房门开了，脑补一出大剧：门缝里一个面目狰狞手持银刀的人，笑着偷窥着我，我也笑了{you can try to smooth me down}，一手抓起身旁的美工刀{smooth me}。。。。。to be continued {原创},2800
561302427,万里晴川-,是烟不好喝还是就这样不好抽.....你碰爱情😂,2771
1541357607,猫气三味,"“宝贝...
我知道我管不住嘴！
但是...
你可以试着让我消消气吖！～”

——来自所有女生
致所有男生♡",2741
287168769,全身杀气,一年前我不小心听到一个男生对他女朋友说这首歌比她可爱  后来。。。我鬼知道然后怎么了,1821
﻿用户Id,昵称,评论内容,点赞数
287742806,_权全圈,"等一个女孩拿掉我手里的酒，我就不喝了
等一个女孩扔掉我手里的烟，我就不抽了
等一个女孩睡在我怀里，我就不熬夜了
等我吃到我喜欢的人做的饭，我就不挑食了 等我穿到我喜欢的人买的衣服我就在多穿点，因为我还要在这个薄情的世界，深情的活着",111082
501515523,徐赖赖小同学,后来的我终于明白，真正的思念不是彻夜难眠想你到流泪，也不是大醉后大声地呼喊你的名字，而是我以为我已经彻底忘记你了却在生活最平凡的时刻想起你了，只需要一个背影，一个名字或者任何一个熟悉的场景这些都会告诉我，我爱你这个事实一直以来从未改变过。,76340
497472591,泽熙啦啦,我是你们故事聆听者 每一段话我都去看,70802
1434075998,你刚说你喜欢我,身体肮脏了       灵魂也成熟了,56397
295713659,油腻大叔庆,没了心动的感觉，却羡慕别人的爱情。,50758
1701665561,全村最牛嘿,有谁亲手删了自己喜欢的人，到后来又拼命的打探她的消息💔,30085
455888723,盼你三秋,"我难过的
不是你和别人好了
而是别人这么容易就代替了我的存在
对于我来说
没有人可以是你
但对于你来说
每个人都可以是我
难过这个东西吧
难是难但终究会过
你先快乐吧
我的事以后再说我爱你[爱心]",22042
1360115186,或许多年后-,朋友们问我还想他吗 我都说早就不想了  偶尔翻翻他的微博 知道他认识了新的朋友 每天过得很开心 不像原来在一起的时候互相伤害 我觉得这样挺好的 不知道未来能不能再遇到和她一样的男孩 我不怪他了 真心祝福他过得比我好 这段话他这辈子都不会知道 没关系 我自己知道就好了,19284
379748005,孤岛无心i,她喝醉了总爱哭，说没你才叫输,12456
1462664109,别私信啦复合啦,龙妹，我想你了,10774
544089922,我知道她不用网易云,河南固始有个叫刘春蕾的女孩，这么多年了，我还是没能把你忘记。有时候多么希望能够回到以前，我还能牵着你，在秀水公园，在陈元光广场一起玩。现在你应该早已为人妻，或许早已忘记我是谁了。时光真的好残忍，夺取了好多，却告诉我们那是成长。多么希望你能看到这条评论，爱你的MXC,9178
273271629,织甜,想成为张森森的未婚妻,8695
362044308,不真实的绿豆沙,这首歌是朋友分享给我的，我看到歌手名字时候震惊了，因为她曾为我们以后得孩子取名张泽熙，看着歌词也与我们的经历神似，命运多舛，2014年7月28日分开我至今单身，已经五年半了，想明白了这辈子是不会再见了,8655
336616383,一东丶,那个女孩为你哭红了双眼，你们也回不到从前[心碎],7275
421405537,#NAME?,"阿锐哥哥啊
你有没有考虑好啊
我快等不及了
我好想和你说话，又怕你厌烦
我翻了这四天所有的评论
可是没有像梦一场
阿锐哥哥啊
其实如果没有这次分开
我没想到我原来已经这么爱你了
相比于余生，四年真的那么长吗？

陪我赌一次吧，这一次不会再输了",5720
﻿用户Id,昵称,评论内容,点赞数
114305616,接个吻开一枪,打个编曲卡，哥哥姐姐们唱的太好听了！,255346
303741802,陈1日,"这是什么神仙阵容
作曲：接个吻开一枪
作词：刘思鉴/沈以诚
演唱：沈以诚/薛明媛",169695
486052535,若泉i,"半只脚就要迈进高三的人
沉溺生活中那么多情愫
我知道你会看见
我很爱你",113192
390859566,中二病控,“我想…”  “好” ​,90318
340172785,往南是片海,"我想和你
在稻城亚丁相遇
在丽江古城相拥
在巴黎铁塔相恋
在捷克布拉格相吻
在希腊爱琴海相爱
在往后余生相守",85729
254344279,黄鲲_,这都是什么神仙组合？！,61329
499358740,变笨,我在深夜的低空飞行 频繁触及星空时并不关心月亮与星星，我只关心你怎么还不来问我怎么还没睡,40819
604070708,胖虎小哥哥吖,我想和你 一起看日出到日落天气@依依 ,29542
1341911792,酒醒三更满船清梦压星河,"在年轻的时候 , 如果你爱上了一个人
请你 , 请你一定一定要温柔地对待他
长大了以后 , 你才会知道 , 在蓦然回首的刹那
没有怨恨的青春才会了无遗憾
如山冈上那轮静静的满月",28789
483607793,希望从此你的故事绚丽多彩,"我想和你
梦里就行。",26702
123579545,波克米探,我再也不会害怕去打扰你的生活宝贝，只要你还在哪里等候，无论生命多么漫长，我想和你在一起。,13985
276975862,Z土司,"我想和你
我想和你在一起 我想和你做属于我们的事  我想和你漫步在美丽的塞纳河畔 我想和你去美丽的土耳其  我想和你在在阳光普照的热气球上 失眠飞行[爱心]",13331
1647631549,别惹我可坏,"¨今天和喜欢的人说了一句话¨
“说了啥？”
“今天和喜欢的人说了一句话”",11205
433098126,薛桂花儿,弟弟编曲太好听,10799
498991029,万念恙,刘思鉴啊啊啊啊啊啊,10035
﻿用户Id,昵称,评论内容,点赞数
105730041,Annnyym,一个音乐app居然能让我玩一天[大笑],25507
89678667,always-always,网易云的目的是不是向大家普及电音啊，还是被我看穿了[奸笑][奸笑][奸笑],15032
418680815,Bravo_13,"我相信不管在哪所学校
阶级上升的道路仍然是开放的
奋斗仍然是最有意义的答案
而对于你们来说
人生才刚刚开始
所以现在
我只能带着最纯粹的善意
祝福你们：
飞吧

By 老番茄😌",12439
82463939,_RipqaT,我们一直用语言说话，说了一辈子故事，花了毕生却依旧没人理解心情。于是我们不再开口，用音符沟通，尽管没人知道我们的故事，却找到了有一样心情的人。,5804
44679786,海绵波子汽水,哇男神这么火了～,5083
2936460,我是克劳斯,电音大部队[亲亲],4452
256834796,一言不合就闭眼抖腿,现在的年轻人啊，一言不发就闭眼抖腿…,4307
612329443,有你就好ZhuYi,有一种男生，不会聊天，不会撩妹，一聊天就没什么话题，很尴尬，但是内心非常想跟别人聊天，主动又不知道说什么，只有选择沉默，身边的朋友很少，但是待人很真实，对别人来说是老实巴交，追女孩没一次成功，现在还单身，却总喜欢在别人的故事里感受温暖，加油！自己，加油！这样的人,2958
316217433,Anitta_,飞吧！ 明年的这个时候希望对高考能有信心 尽管现在成绩还是一塌糊涂！加油加油！,2487
271148770,zzlyoung,"倘若你问我愿不愿意再经历一次高考
        我会回答：“不愿意
但若你问我怀不怀念高考那段时光
        我会回答：“无比怀念”[爱心]
                           祝今年高考的高三的学姐学长们：飞吧[爱心]",2403
246295254,ii7cRe,"今天刚刚考完试回来就看到老番茄的视频,感触挺大的  飞吧~~~~因为老番茄过来的让我看到你们的双手！！！",1512
110744539,梦想成为一个有趣的妞,身材不好就去锻炼，没钱就努力去赚。别把窘境迁怒于别人，唯一可以抱怨的，只是不够努力的自己,1458
259401409,Shadow_Suity,把所有带“飞”的评论都点赞了_(:D)∠)_祝自己也能平稳起飞！6.23如果考不好就去steam找安慰！,1234
1307648512,皮筋是我偷的,"初三，别人都在好好学习的时候我天天打游戏到两点，堕落到班里倒数，最后报了个一般的高中，没考上
高一的时候自杀被我爸发现送了医院，抑郁症，最后办了休学
现在在另一个学校重上高一，昨天第一次月考成绩出来了，班里第一，全级49
我堕落过一次，这三年我不会再放任自己了
南大，等我",1200
10785520,任淘淘学不会小清新,又来了,1200
﻿用户Id,昵称,评论内容,点赞数
279890442,toka桑,疯狂支持，去年陪你看你的名字的他，今年还在你的身边吗？动画电影《升起的烟花，从下面看？还是从侧面看？》改编自岩井俊二导演的同名电视短片，由新房昭之担任纲总导演，影片将于8月18号在日本上映，9月15日在台湾上映，10月在香港上映，大陆有望引进。相约去电影院看吧,268459
414123935,_无忧i,"樱花落下的速度是每秒五厘米， 我该用怎么样的速度，才能与你相遇。

雨滴降落的速度是每秒十米，我该用怎么样的速度，才能将你挽留。

陨石坠落的速度是每秒十千米，我该用怎么样的速度，才能将你拯救。

烟花消散的速度是每秒三亿米，我该用什么样的速度，才能将你追回。",233928
111089166,Sakura雫,身着浴衣和服的男男女女，抬头仰望夜空、绚烂的烟火、灿烂的笑容，定格成日本夏日最美好的一瞬间。🎎🎏🎆🎇一直很憧憬11区这样的场景。。。升空的焰火，从下面看还是从侧面看？或许只能在梦里看。,155186
279890442,toka桑," 超级好听啊，已经循环好几遍啦好听到炸裂，为 daoko和米津疯狂打call，为新房点赞，升空的烟火，年轻的男女穿浴衣，美到窒息。“我们私奔、吧”，多么美的画面
",97867
428203398,椎名厌世,记得自己两年前跟着旅游团去日本。那是2015的七月份，天气很热，我和全车的人在日本跟着导游瞎逛，停留最长的时间总是鸡零狗碎的购物中心。那天因为堵车再高速上停留到九点，我看着窗外，一颗明晃晃的小火花从远处升起，慢慢地，然后在夜色里悄然绽放。记起那是日本的夏日祭，突然想哭。,94448
129377889,chaz1,升空的焰火到底要从哪一个方向看？不论是从下面看还是从侧面看，不论是在现实还是在梦境中，只要和你一起看就好[爱心],68787
471713029,一纸空筏,"那天带上我喜欢的女孩子去电影院看了《烟花》，看完后我们都沉默着，她在前面走我在后面跟着，走着走着回头对我说：“我们做好朋友挺好的”我没有看她，低着头说了句：”嗯""",64371
432537576,要多看看天空啊,朋友说有一个细节特别用心，男主比女主矮一点，因为青春期的女孩子比男孩子发育的快,60766
286919668,用户286919668,“什么时候最孤独？”                                  “盛世烟火由你而放，他们都在看烟花，无人想起你”,57381
414702689,叶弓丶,菜刀降落的速度是每秒十亿千米，我该用怎么样的速度，才能难逃一死————《日在校园》,56519
295192397,帐号已注销,"奈砂：广濑铃
典道：菅田将晖
佑介：宫野真守
奈砂母：松隆子
三浦老师：花泽香菜
纯一：浅沼晋太郎
和弘：丰永利行
稔：梶裕贵。     卡司好强大！连主题曲都找我爱的八爷开场啊啊啊啊啊一本满足坐等电影，太期待了，最后表白八爷的声音，男声一出来整个人都酥了[色][吐舌]",40966
351733094,Ocss_,呐，你知道吗？樱花下落的速度是秒速五厘米，是RPG最高速度的六千分之一。紧靠在一起的两颗心，会在200米的距离内，被TBG-7V空爆燃烧弹烧成焦炭。世界上没有什么力量比爱情更强大，除了RPG，世界上没有一发RPG解决不了的情侣，如果有，就两发。,35340
1572226449,Sedate沐白,"很喜欢一句话:
我不会去考什么清华北大
也不会为了考第一
而半夜打手电学习
我只希望我高中生活有喜欢的人，喜欢的事
有健康的身体，有无悔的每一天
然后尽我最大的努力考上一所理想的大学
青春是该付出在那一张张试卷上
但青春不全是那一张张试卷
有目标，有信仰，有理想，那才叫青春",34496
33668233,石上静香,当初为了听这个真是疯狂循环mv,32278
533944735,黎歌非夜,"中考倒计时208

——2019届中考生

愿此去前程似锦，
万事顺意。
2019年六月的某天，
超常发挥。
明年穿着重点高中的校服回来看老班。",31114
﻿用户Id,昵称,评论内容,点赞数
636074641,帐号已注销,今天是得胃癌的第五十二天，我准备和你说出分手了，你应该也已经知道我不能再陪你了吧。都说爱一个人就要永远陪着他。可是，再过两个月我就可能要永远离开你了。徐聪舟，你知道吗？,157129
277313426,隔壁老樊c,素不相识 但是你现在能不能叫出我的名字,127391
1385595869,#NAME?,我总不能阻止你奔向比我更好的人吧,73137
617981897,好像很久都没开心过了,《山海》，唱的都是男生。《感谢你曾来过》，唱的都是女生。男生只知道女生转身走开，女生却在心里感谢你来过。一个不留，一个不说…所爱隔山海，难平是人心,57147
358970602,lLennaud,"街边一个醉酒男子身边全是酒瓶   他恍恍惚惚的好像看到了上帝
上帝问他：你痛么
男子说：好痛
上帝：她欠你很多么
男子说：很多
上帝说：放心  她欠你的会有人向她讨回
男子慌张了起来  眼色慌张的问上帝  可以把刚才的话重复一边么
上帝说：  她欠你很多吗
男子拼命摇头说： 她不欠我的  都是我自愿的",46304
316601063,Z11O8,我时常反问自己为何给不起,46045
1539286241,唐林1808,刚刚和妈妈去买菜，几块钱的海带她犹豫了很久还是没有买，货柜上的酱油挑选的是最便宜的那瓶，结账的时候我看见她从包里不小心翻出的几角硬币，在车里她突然小声说压力真的很大，我假装没有听到，我突然后悔刚刚在超市里不应该买那么贵的山药……我，以后一定一定一定要挣很多钱。一定,27524
406649252,可有人真的能把爱藏好多年,我会不顾一切奔向你 这辈子都会,27490
1339309179,孤獨即愛得解脱,那些难熬的日子真的熬过去了吗,21625
1461035527,脸又红了呀,"我打算在2018年12月31号 那天晚上
一个人👧
关掉手机💻
告别这有喜有悲的2018🎈
迎接在中考考场上的2019💝
不负众望  砥砺奋进💪
共勉
——致219届中考考生",19897
399768182,纤尘如墨,真的希望你撒了一个谎,18031
1441992930,怕欺,难平的不是山海 是你的心,14185
122832220,r普罗旺斯的农夫t,你网易云最近一周没有听歌记录             原来你恋爱了,11077
303572751,故人從此不在,错过就是你想要的我给不起，当我能给时你已变心，于是年少时的挖心掏肺，你也不屑一顾抛在门外,10915
1452110139,confused180508,安好陌生人,9744
﻿用户Id,昵称,评论内容,点赞数
414717710,王恩信,这首歌17年写的 18年发了一版后来不满意删了 这次重新修改后录制了这个版本 还记得当时发这首歌的时候还不到一百个粉丝 也没人听我的歌 一天几十个播放量 录制的时候有两处有点哽咽想重新录的 后来想想算了 就这样吧 挺好的,151279
1504584075,陈瑜喜欢网易,就在刚刚 我刚刚在二楼的阳台上面 点了一根烟  楼下有一群孩子在玩耍 看见了我 就在楼下喊 叔叔不要抽烟 抽烟对身体不好  我对这他笑笑 把烟掐灭了   一个人在陌生的城市 这种突如其来的关心 真的很让人感动,74126
427107147,神说要有光_sPjI,"爱情公寓经典语录: 当面对两个选择时，抛硬币总能奏效。  并不是因为它总能给出对的答案，而是在你把它抛在空中的那一秒里。  你突然就知道，你希望的结果是什么了。 ——曾小贤 别以为世界抛弃了你,其实世界压根没空搭理你 ——陈美嘉 火车是朝前开的，去哪儿并不重要，关键在于窗外的风景 ——吕子乔",60864
577777579,吕大叶,期待很久的新版本，恩信这首新歌的风格真的很喜欢。愿所有追求梦想的人都能在《篝火旁》看着自己的梦想《飞》上天空！！！,56994
376927708,二胖u,来自黑龙江,30876
414717710,王恩信,新编曲已经替换了 因为时间太急了还是用的之间的voice音频 这几天会重新录一遍 换一些语气和和声 希望大家可以喜欢！,29104
529786359,一只猫咪的故事,"读书读不过人家，拼命也拼不过，人这一辈子也就只能尽力。
“向日葵只有一个太阳
但太阳有无数向日葵”
生活，不能说最好~但也不是最糟糕的。",27476
466887971,何许__,重度抑郁 确诊了 盐酸文拉法辛副作用很大 我开始嗜睡 记事情断断续续 可它是我唯一的救赎 我不知道这次睡下去能不能醒来 我不知道还能坚持多久 光是活着 对我来说就已经很难了,27296
414717710,王恩信,不想说鸡汤 但希望每个坚持梦想的人都可以坚持下去,20052
1364611086,明天要偶遇吗,"因害怕失败而不敢放手一搏
永远不会成功",15998
1574607238,菜园子已被注册,“ 独自撑伞的日子，也一定要顺顺利利 。”,15899
1519293624,任易安,去拥抱你想要的未来吧 努力过了那就不只是梦,11444
1379155732,老秦赚钱养木木,努力不被辜负,8792
414717710,王恩信,这首歌和爱情有啥关系阿？？？,8020
396154994,爱比罪案难隐藏,跨过星河迈过月亮去迎接更好的自己,7048
﻿用户Id,昵称,评论内容,点赞数
54492121,你的様子i,跟谁都不来电，跟谁都能调情，知情知趣知进退没什么大原则，只要不讨厌对方，就可以说我喜欢你啊我爱你啊。谁管呢，反正大家都不会当真，开心就好了，偶尔看到一对真心相爱的情侣，才发现真他妈羡慕。但老子不稀罕，喜欢人太累了，之前有过心动那么一次两次，但回忆太多令我痛苦难眠，还是算了吧,75485
18741743,Zic子晨,以后会唱更多好听的歌给大家的 关注一下吧～,54097
645113521,伸手摘星星啦_,吊着就吊着吧 总比突然断的干干净净好 我还年轻 我等的起,46671
1506754075,听后摇的时候觉的人生是一场电影,"我带着酒精和烟雾 披荆斩棘
脚上长满水泡 衣衫褴褛
手里紧握玫瑰的刺
逃过了孤狼和恐怖的黑色森林
踏过了鱼腥和野草的绿色沼泽
越过了冷嘲和热讽的灰色人群
终于在一棵没有根的枯树下找到了你
你回过头皱着眉看着我的玫瑰
说 你来干嘛",23998
1794853471,憨鹤_YrgW,“热爱到什么程度才敢错过千万次都想重来”,22834
453660592,今晚跟我鬼混-,我有时候想跟她道个歉，遇见她的时候我太小了，是我不注重细节毁了她好多温柔，是我不会爱人。,18659
1437702849,遂洅,当你发现一个喜欢嘻嘻哈哈疯疯癫癫平时一点都不正经的人.突然间跟给你讲起了大道理.请你认真听其实你不知道那是他经历了多少心酸.吃过多少苦才认识到的...,14654
307968251,祝她得偿所愿,"我想能找到你 我想能见你
我想能找到你  我想我还能见你",14294
471776903,情感文字君,我也不知道为什么大半夜突如其来的难过让我想起这辈子都不想错过的女孩子总觉得还没结束说不定她哪天还会回来找我,12164
572334239,正直耶,本来无一物，何处惹尘埃,10842
1508858746,陌昭君,“我想要套小房子，能做你的小妻子，一起提着菜篮子，穿过门前小巷子，饭后要你洗盘子，我来负责抹桌子，再要个胖胖的小孩子，可爱的就像个小丸子，等你长出白胡子，坐在家中老椅子，会记得这好日子，和我美丽花裙子。”,8345
349414318,牧垚垚儿,我只想找到你，不管你在哪里......因为我想找到你的奇迹❤️@超爱牧垚儿 ,6954
406480685,难泡崽,我以前真的是一个很开心的人 但是我现在 自甘堕落 如果你救我 你就是在害我,6702
1359866048,私藏整个星河和宇宙,你是我疲惫生活的希望与糖 。,6213
631227245,一封未寄出的书信,未曾谋面的也终将会相遇的慢慢来吧慢慢约会吧,5218
﻿用户Id,昵称,评论内容,点赞数
284402048,-橘雉,挺喜欢一段话 走吧我们去复合去重蹈覆辙互相折磨 但我更喜欢另一段话 算了吧 那段痛不欲生的日子 我好不容易熬过来的 所以 千万拜托你 别再来打扰我了 我还是很喜欢你 看到你的消息还是会心动 听你的语音还是会欢呼雀跃 但我真的该忘记你了  我是真的爱你 但我已经没有那份勇气再去尝试  我也要快乐,94194
300930780,大坏棉子,今天之后白天就比黑夜长啦[吐舌]好好生活～,78343
259434141,TinZzzzzz,告诉你们哈 因为棉子够直接❤️,32777
388640118,爱吃布丁de布丁,此生若能得幸福安稳，谁又愿颠沛流离,27880
620668700,欧美集,我的长进？越来越习惯一个人完成所有事算吗,21550
113498635,謸寒,"人生如棋 落子无悔对不起这次真的错过你了 ",20011
314536202,跟着张若琪念ZhangRuoQi,你扛下一切风雨 先我一步成长 然后来宠我 你真的好喜欢我,17518
409275903,双鱼座的狗子,"深情的人都是舔狗 
希望你爱人留三分   
别像我……",16796
287742806,_权全圈,"有一天停下来仔细想想
又不是缺从头再来的勇气
也不是不无道理抓着不放
可每次都想在爱里侥幸存活
到头来每次的勇气都是一个教训",13075
1473325261,柚時一念,“想和你在图书馆的下午，蜷缩在你身边听着关于我爱你，曲尾不停循环一句‘我爱你’时我摘下耳机塞到你的耳朵里。” ​,12049
325569351,耶米格,终于等到你 还好我没放弃[爱心],7876
319604480,Cas44,我什么都关注着你，可惜我没勇气说我爱你！,7732
1657538793,Cy是个帅仔,是你就足以～,5711
290480691,此号已注销Ailsa,如果是我，我会选择前者，哪怕赴汤蹈火，我还是愿意去是试一试，哪怕最后被挫骨扬灰,5511
357951013,MopezzZ,可能我已经快要没有在熬下去的勇气了吧,3720
﻿用户Id,昵称,评论内容,点赞数
135912165,是阿冗的冗,我在这等大家好久了[爱心]    希望大家都能找到自己心中的答案。,356199
1794025024,宴栓,“真正想给你的从来都不会问你要不要”,274877
287742806,_权全圈,“问你想不想要的时候最好说不要”,166520
364932625,鱼刺猪,"沉默就是答案 闪躲就是答案 
不再主动就是答案 你早该明白了",160701
326784902,很多很多故事,万般皆苦，唯有自渡。,116182
1590851653,偷偷的叹了口气,生活总是让我们遍体鳞伤，但到后来，那些受伤的地方一定会变成我们最强壮的地方。,81661
483962544,就当跟你是一场永久的冷战,有时候他迟迟不回复你  聪明的你也该知道这是他的答案了,74812
360302933,长青社,"“
一个年轻人，如果太过老练、太过稳重，而失去了朝气，那他就不算是一个年轻人.      ”",68547
35523842,微凉丶徒亦难,每个人都会有一段异常艰难的时光，生活的窘迫，工作的失意，学业的压力，爱的惶惶不可终日。挺过来的，人生就会豁然开朗，挺不过来的，时间也会教会你怎么与它们握手言和，所以你都不必害怕的。🏃,62456
594125304,月亮是我投的硬币,十月间夜里起风的秋 像是一场无声的告别,37725
1519293624,任易安,如果能拥抱自己 你又怎么会孤独,33601
1333482530,万物不及姑娘你,"希望你眼睛里的星光闪耀是我
希望十一月能得到我心里想要的那个答案",23975
529786359,一只猫咪的故事,遇到对的就是答案 ，遇到不好的就是经历。                                                             可惜我从来没有遇到过，时间可以证明这一点   但我会好好生活 也会追求自己喜欢的东西，我一直在等着............[鬼脸],20650
1416649941,瑾汐很甜,"我也还在路上

没有人能诉说

也许我只能沉默

眼泪湿润眼眶.",18942
405740020,阳光明媚大男孩,"问题在问题提出的维度永远没有答案，但是我却还在这个维度回答你，而且这往往让我永远失去你，因为答案不重要，是否跟你在一起也不重要。

但是你很重要，告诉你，你很重要这件事很重要。在你未来人生中无论遭遇什么低谷，能想起有个人曾经让你知道你很重要，这件事很重要！",18129
﻿用户Id,昵称,评论内容,点赞数
1522959375,焦迈奇是牛奶味滴,"非酋
当妮走了
可不可以
不得不爱
一点点
恋爱循环
不知道
非酋
不知道
淋雨一直走
时间飞行
放个大招给你看
英文不会
时间飞行
yowowoyowowo",61891
17817819,沈虫虫,[呆]我发的消息大家看到吗？？？,39872
278660590,崔铭嘉,这歌我从晚上11点给大家通宵录到了早上7点…不过听到最后的成品觉得辛苦是值得的！大家一起加油！,31196
1518467973,Obviamente_,"非酋
当妮走后
可不可以
不得不爱
一点点
恋愛サ一キユレ一シ ョン
雨爱
非酋
Youth
淋雨一直走
失眠飞行
放个大招给你看
Waay Back  home
失眠飞行
来自天堂的魔鬼
心如止水
来自天堂的魔鬼
心如止水
ハレハレャ
别叫我达芬奇
说爱你
看好你的女友
你的前女友
归去来兮
出山
归去来兮
出山
缘分一道桥
See you aga",27312
312434027,不知名的鱼崽,我来啦！_(:з」∠)_,14305
477424672,宇宙藏满你的温柔,"　　

　　
　　　

　　

　“希望看到这条评论的人永远开心”
　　　　 　　

　　
　　
　　　

　　　　 　　
　　　　 　　

　　
　　
　",12773
1774554847,王承渲,无敌了 太好听啦 神仙歌手们(>_<),10766
635759244,山野志庸,做一个积极向上的人 读温柔的句子 见阳光的人 眼里全是温柔和笑意,7668
1449491974,MickeyLiki,"前排漏了这几首！
来自天堂的魔鬼
大碗宽面
朗朗晴天（日语）
别叫我达芬奇
说爱你
看好你的女友
你的前女友
归去来兮
出山
bridge of faith（中文）",7198
1681636234,但愿你知我,那个yowo[大哭]是脸红的思春期的You＝（I）,5361
284772476,不吃辣星人,"相识
漫长
了解
靠近
倾心
惊讶
窃喜
慌张
担忧
逃避
试探
渴望
纠结
快乐
小心
假装
疑惑
关于
决定
真心
勇气
承认
庆幸
期待
相信
沉迷
疯狂
幻境
极致
依赖
冷淡
哽咽
心酸
错过
自嘲
痛苦
绝境
极端
迷茫
无奈
摧毁
失败
失望
狠心
缓解
否定
浮沉
人海
真实
早睡
祝好
所谓
爱情
皆与此",4056
1640466953,凶厌,愿所有热情都不会被辜负,3945
445647643,2013灼眼的夏娜,今天十八岁能给我十八个赞嘛,3522
349745604,蔡不是菜-519,《非酋》《当你走了remix》《 不得不爱》《恋愛サ一キユレ一シ ョン》《雨爱》《Youth》《淋雨一直走》《失眠飞行》《放个大招给你看》《Way Back home》《来自天堂的魔鬼》《ハレハレヤ》《别叫我达芬奇》《说爱你》《看好你的女友》《你的前女友》《归去来兮》《出山》《缘分一道桥》《See You Again》《7538》,2703
510441747,专款,因为你们，我才觉得一切都值得,2573
﻿用户Id,昵称,评论内容,点赞数
18722731,MINYUTOKOOYO,这是我的在韩流席卷全球，日本国内遭AKB系列封锁，挺过解散大地震，现场永远只有三人表演，永远黑发，只卖歌卖舞不卖色，只卖萌卖帅不卖肉，着装高大上，几乎无绯闻，适合6-56岁年龄区间，代言iphone和奔驰高端周边，近年逐步升级为亚洲准第一女团为花牌情缘真人映画配信最新单曲！,12534
121444704,帐号已注销,语文老师教我们找病句要去掉枝叶，保留主干，让我看看……嗯，你想表达的是“这是我的单曲”[黑人问号？？？？],4425
56615631,A___Orange,凌晨活动完躺床上看到群里都在说perfume新曲配信，试着点开网易云，发现已经上传小秘书都没发私信。今天下午一看，不但歌词有人传了，评论一天不到300+评论，有点受宠若惊。新专辑已经下单，等正式发售转运回国。期待混音版FLASH，祝《Cosmic Explorer》大卖！6巡顺利举行！,2311
75983331,i嗨傑,评论这么多，主要还是Perfume粉够铁，更重要的是Perfume依然辣么出色。我的耳朵被电了几十次还没够[强][憨笑][憨笑][憨笑],1988
137085471,HarrisonCCcCRaZY,这是我的在韩流席卷全球，日本国内遭AKB系列封锁，挺过解散大地震，现场永远只有三人表演，永远黑发，只卖歌卖舞不卖色，只卖萌卖帅不卖肉，着装高大上，几乎无绯闻，适合6-56岁年龄区间，代言iphone和奔驰高端周边，近年逐步升级为亚洲准第一女团为花牌情缘真人映画配信最新单曲！,1011
33159864,icring,一天300+评论！ 泼妇感动云村[流泪],930
122970412,malabazinga,一看到就忍不住用流量下载🌚,725
93729172,鶯鷺,红白歌会中被惊艳到了[色],563
98262380,归卿Menmer,东京白日梦来的小伙伴让我看到你们的双手[这边],512
249139050,砂糖suger,遵从小秘书的意志而来[大笑],498
133630854,在树上风干的切尔西球迷,这红白又拉了一遍人气啊，希望能有更多的人爱上我泼！,339
45210710,烟九圆,东京八分钟！！！,307
87113126,孤岛蔚蓝,红白我泼得罪服装师摄影师系列，村花得罪化妆师系列[汗],302
503198296,Mcarecrow,谁在飞车听的，点一下,267
514732192,-吻月-,你没保留宾语从句里的主语 应该是“我的女团的单曲”,91
﻿用户Id,昵称,评论内容,点赞数
1323807037,柏松M,愿世间的美好，与你环环相扣。,569008
77767748,尹初七,此时已莺飞草长，爱的人正在路上。,357984
1323807037,柏松M,每天起床都会看一遍大家的评论，很开心能够得到大家的支持和认可[憨笑]大家有考研的，有工作的，有在努力学习的，也有在恋爱的[爱心]当然也有一些失落的[流感]不管哪种属于你，我都希望这首歌能够带给你们温暖和动力，努力认真面对这个美好的世界，大爱小爱都会有的，大家加油[强],348038
396394393,汤Tangggggg,考研一定要成功呀。,209032
1437043046,秋-Michelle,"两情相悦如今已经不多了，尤其在物欲横流的今天这已是奢望。但我仍然带着我的热情跟向往，在等待那个风雨夜归的人。

——柴静《用我的一辈子去忘记》 ​​​",182363
1593783394,我从来都只想要你快乐而已,真正能让你走远的 都是自律积极和勤奋,173274
1328555812,养一只月亮可不可以呀,总会出现一个人 让你感觉人间值得 ​,127440
287742806,_权全圈,温柔的晚风 傍晚的晚霞 解暑的西瓜 冒泡的可乐 人间的美好多着呢 不要为眼前的黑暗所迷惑. 你要相信自己配得上世间一切的美好.,102177
1327173144,埃洛瓦,去图书馆之前，我会先洗把脸，再梳好头发，然后喷三下香水，最后带着耳机去看书。只要眼前还有书籍，耳中还有音乐，就能让我觉得整个世界还是美好的,101107
41686976,-大胡子叔叔-,不求环环相扣，只求十指紧握,68742
1323807037,柏松M,这个7月，希望这首歌能陪你们度过一个温暖的夏天。,51357
1323807037,柏松M,给我的新歌…一场泪热…打波广告呀，其实那首歌也真的好好听[憨笑],47850
1300636669,夕下趴睡羊,"烫手的烤锥栗，热腾腾的焦糖奶茶，大口呵出热气给你暖手的爱人，奶油味的羊绒毛衣和甜甜的拥抱。好想提前过冬天，一个容易变笨，适合撒娇的季节。 ​ ​​​

cr:爱口子",40909
1343706460,越长大越孤单丫,我已经变得温柔了，可你却不在了。也祝你考研一切顺利！,32246
435197433,向着光亮那方吖,所谓世间，你不就是吗@kon-kong ,24172
﻿用户Id,昵称,评论内容,点赞数
255047460,鹿与折耳猫,我喜歡星星 你眼睛很像星星 我直接喜歡你吧,53891
248049392,8ravo,总感觉是含着一块糖唱出来的[大笑],37016
495996923,飘柔少女,"如果我七岁
我可以垫起脚亲亲你 笑着说 我好喜欢你
如果我二十七岁
我可以给你承诺 大声告诉你 我很爱你
可惜我十七岁 我傲娇又脆弱的十七岁
只有自己知道的小心思
只能一遍遍听close to u
不敢明目张胆地靠近你",21414
29951957,----藍----,"树爬上云端
酒把人喝光
绵羊数着没有关灯的房子
大概你也在思念我",20329
271752908,-Jeffey-,别拿你的成绩单砸在我的车上，好好开车，月尾有提成[撇嘴],14920
57816644,电喵大战皮卡丘,纽约制作人Lucian联手新加坡女声&制作人Jasmine Sokko于昨日发布单曲Close to You，Lucian灵动的编排与清澈舒适的女声结合，Future元素带来的奇幻感能让你立马上瘾，不免让人期待两人在未来更多的合作。,12649
453070297,siannnry,我也试了含着糖唱歌，结果口水满屏，最后糖还卡在喉咙里面[流泪],12227
313782968,你会出现的对吧,“爸爸，人的一生有多长?” “人的一生啊，就是从我睁开眼睛看到我的妈妈的那一刻开始，到我再也看不见你的妈妈的那一刻结束。”,10992
1293109857,昔玥泠,老师对我说，这个年纪有喜欢的人很正常，但是最好藏在心底，如果你想起她的时候就做一道数学题，等毕业时把做满数学题的本子放在她面前，告诉她你有多想她多喜欢她，不信她不感动，这个主意真的很好，当我做到第二题的时候，我就不喜欢她了,7709
536134325,袁家寨拖拉機手,今天在地铁里，两个美国佬在一起聊天谈论天气，没想到我竟然全听懂了。看来，努力学习还是很有效果的          不然他们怎么会把汉语说的这么流利呢！,5767
509439928,WangFanhua,"前几天我心情不太好，媳妇过来问我怎么了，我马着脸说我们男人的事你女人不懂...当时她转身就走我还以为她生气了，结果这傻姑娘跑厕所去画了一脸大胡子跑出来凑我跟前说:hei, 兄弟，怎么了？对视几秒钟后，我和她都笑得在地上打滚，呵呵，真好。",4453
246029257,驴子鬼,夏日海风大街[爱心],4196
364306402,帐号已注销,开口收[爱心],3674
337504603,窟窟不窟窟,明天联考，我想要十个赞的鼓励。,2835
311642816,FuturePop3,"“作为一个女性电音制作者，我希望大家关注是我的音乐，而不是我的相貌。”
Jasmine Sokko来自新加坡，是一个electric-pop流派新人，她创作的曲子旋律抓耳，清新脱俗，让人听一遍就爱上。相比大部分强节奏的电音作品来说，她的作品让人耳目一新，并且凭借优秀的美式发音和甜美的声线，实际不容小觑。",2826
﻿用户Id,昵称,评论内容,点赞数
92105464,音阙诗听,人生的路上，你种什么因，便得什么果。,531970
128367156,刈宁丷,"明天高考啦！
明天端午节！
今天看考场！
今天洗澡澡！
高三党让我看到你们的双手！

高考加油啊啊啊啊啊！（破音嘶吼＿）",330583
1682412234,帐号已注销,时雨及芒种，四野皆插秧。,149046
297204739,苏黎世化学,音阙诗听2016年成立，将传统民乐与流行电子元素结合，富有现代气息又不失古韵。赵方婧，英文Wimi，90后歌手，音乐创作人，就读华中科技大学同济医学院，以艺名“照妖镜“活跃网络翻唱圈，独特多变嗓音让人过耳不忘，温柔细腻不失大气。能很好驾驭各种风格歌曲，不论什么歌曲都有温柔味道，辨识度极高。,117703
344740953,洽洽洽同学,我种了个雨女下去，可是我却颗粒无收，或许这就是【雨女无瓜】吧[多多捂脸],90825
92105464,音阙诗听,听完芒种，记得也可以听一听我们别的二十四节气歌哟。,85705
514666759,月亮解忧店,今日芒种，栀子花开，麦黄梅熟，仲夏开始。,71457
646767878,兔尾漫画报tu,我:这是什么神仙声音啊太好听了叭！我弟:是你永远达不到的声音。……？？！！,65342
483403474,梓钰啊,前排！好听！,60267
126673222,帐号已注销,可我种善因，却不得善果。,38612
629328280,黑夜难逃,你在尘世中沉思，或疑惑，或明悟，浑浑噩噩却也终将学会懂得。人生的路上，你种什么因，便得什么果。,31893
264312321,_三度和弦_,惊蛰：微雨众卉新，春分：花重锦官城，谷雨：无策禁花风，立夏：夏早日初长，小满：夜莺啼绿柳，芒种：相逢问蚕麦，夏至：旱甚雨辄至，霜降：冉冉岁将宴,28034
606804845,宝宝很酷超级酷,考完了语文和数学，明天加油，我必成功[大笑],26504
1434239751,善-S,女孩子要记住前程比爱情重要,23820
424311909,腿白,芒种南风扬 夏季雨满塘,20094
﻿用户Id,昵称,评论内容,点赞数
72154439,枯木逢春夏秋冬,别对我失望，也别对这个世界失望，人生就是这样，在这一路上的风景有好有坏，有那么多走散的身影，但是庆幸的是能够彼此陪伴一场！我多想能多你陪一场！,296960
1721840260,岁笑,这一生要错过多少风景才不会错过你,178521
1388034668,昨夜我做了个噩梦,我多想久别重逢这个词发生在你我身上.,141734
1345606460,私费,心理学上说：对一个人的好感最多可以存在四个月，如果超过了那就是爱了。,120139
1535795663,团团豇,"你说枯木逢春  我说生不逢时
你说生不逢时  我说时不逢人
你说时不逢人  我说逢人不是你
假如有下辈子
我希望枯木逢春
我逢你",105801
1331873424,要早睡uuu,所有的不合时宜的相遇啊 都遗憾的令人心疼,63708
474174690,偶尔想你啦,“其实我不用看到你的脸才能喜欢你，也不用听到你的声音，不用知道你有什么消息。我所知道的是，在生活中不多见的闪光的时刻我会想到你，烟花升起来，雪落下去，人们围上来拥抱我，这样的时刻。我猜你和世界上所有的美好连在一起。所以我想尽量去看一些好的东西，这就是我喜欢你的方式”,51266
72154439,枯木逢春夏秋冬,我会尽力，把这首歌留在这里！,44063
1710918286,风在摇它旳叶子,"我多想多想，能陪你一场
把前半生的风景对你讲
也想后半生你依然在场
愿有人陪你走过山高水长
愿以后的日子，不再是一个人走向远方
枯木啊，总会遇到春和阳光
希望，所有的你们
也会遇到那丝属于自己的光
哪怕谣言纷纷
只身一人
也要不顾万人抵挡
到达心之向往的地方",34601
69548480,帐号已注销,"若逢新雪初霁，满月当空，下面平铺着皓影，上面流转着亮银，而你带笑地向我走来，月色和雪色之间，你是第三种绝色。
——余光中《绝色》",26783
543755610,bloveud,你承诺过的月亮还是没有出现，而我无眠，或者，我只是衣单天寒地，替你多爱了一夜人间。,23469
624438729,帐号已注销,我也想 能够把你照亮,21480
513559539,TrampoIine,我现在发现，很多人其实就是来我的世界转一圈看一看，觉得有意思就跟我多玩一会儿，觉得无聊就转身离开。我限制不了任何人的行为，不能留下任意一个，我只能把我的世界装扮得漂亮点，等下次有人来让他们愿意多玩一会儿。,19658
603056900,妳与星河,山河远阔，人间烟火，无一是你，无一不是你。,10902
336229155,难逃月色0-,我的运气只到遇见你，剩下的，就要我自己努力了,10670
﻿用户Id,昵称,评论内容,点赞数
125379624,Koooin,"我想谈一场公开的恋情
爸妈同意 亲戚知道
朋友祝福的恋爱
如果可以 只爱你一个[爱心][爱心]",398169
256233487,焦迈奇,这是一条优雅的广告：4月24号上午10点我的第一张正式专辑《我的名字》上线，大伙帮我盘一下,251181
302418635,顾均临,"突然想到JJ《关键词》中的一句歌词

“有一种踏实，当你口中喊我名字❤️”",163182
503419238,和歌Ya,焦迈奇 今天你那里吹风了吗 风有告诉你我喜欢你吗(˶‾᷄⁻̫‾᷅˵),103498
272797895,来下似少年,我有一百种方法写下你的名字，可我喜欢的不是你名字，而是你,89582
574582679,帐号已注销,我的名字俗气至极，但并不影响我喜欢你[憨笑],78641
469765237,小红痣,人这一辈子，能被记住的也只有名字，你的名字被我刻在蛙店的角落，我的名字希望刻在你的脚心。,48565
615261298,小蓝蓝胖胖楠,昨天听好妹电台，焦迈奇说，本来歌名是一个电影角色的名字，又怕别人不知道，所以改成了我的名字。,41337
294891400,我是藥女,"好久不见，我们谈谈理想：我的理想是面朝大海也面朝你，种植葡萄也生产诗歌，酿造美酒也酿造宿醉，养小孩也养狗，放飞风筝也放飞自己，每天都在同一条街上遛弯也经常环游世界，时时怀有一个无限大无限美好的梦，但是每天早上都要自己煎鸡蛋和煮咖啡。 ​

",39959
119430835,长风界,多可怕，明明忘记的感情还记得的名字，提起来，又是个悲伤的故事。,31568
612980700,犯困的肥肥,"你的名字被我刻写在心头千万次，
能否在你我下一次相遇之时换取一个拥抱?",28067
82122894,耶耶YY,"第一次听焦迈奇的歌并不知道他是谁 长什么样子 就像五年前第一次听好妹妹时一样 只有耳机里温暖的声音 就好想死在耳机里
听着听着突然有想要了解他的冲动 才发现原来是这么阳光的男孩呀 就好像大学里的好朋友一样 
愿你永远开心 阳光 不管你的歌词里藏着多少故事 在面对我们时 你仍少年",27778
416136902,嫁给焦迈奇,"每个人都在说，不要太在意付出感，可我有时候就是想做个自私点的人。
想让你发现我做的很多事都是想让你看到，给你买的礼物不是我说的随手买而是凌晨守着抢的限量，唔，其实打榜也不是那么爱做，只是也想偷一点你的热情和喜欢。
我哪有那么无私啊，我只是有点贪心，想让你看见我的喜欢而已。",19068
398691360,弱项,拜托你轻声重着我的名字,17942
64194309,陈公子果酒,真的很佩服这个自己作曲作曲，笑起来笑容可以融化冬天的少年，很优秀！希望自己也能跟他一样，加油，拜托你轻声重着我的名字，陈公子！[大笑][大笑][大笑],11899
﻿用户Id,昵称,评论内容,点赞数
95138296,吴金龙就是牛,我给我可爱的女朋友听 我说这首歌比你可爱 然后……就没有然后了,112947
61659815,Marrrrshal,天啦噜快看这人有女朋友,87556
28708513,盐渍水母,"原版是女生向男生发脾气时,女生眼里的自己。这个remix，是女生向男生发脾气时,男生眼里的女生。x",46059
286136057,酒精催眠劑,前几天我男朋友给我听了这首歌告诉我这首歌比我可爱，然后，就没有然后了,39397
246112336,您的暴躁网友儿,我学校大扫除时就是放的这首歌，结果班上一群女生突然群魔乱舞……后来教导主任说这首歌节奏感不错，想让我们打扫卫生的更卖力点……【群脸懵逼】,29699
258535072,Nsigh,好像很多人以为是病娇歌。不是病娇歌啦，只是病娇向MMD用了这首歌而已，小笨蛋[憨笑][憨笑],22839
365256833,口耐的小绿丸,我正听这歌闭目养神，诶咔嚓一声[大笑]我赶紧醒了环顾四周，谁TM在给我照相，久久不能回过神，这歌有咔嚓声对吧，这歌有咔嚓声对吧,15724
353783740,苦逼网课仔,我差点就信了你有女朋友了,13857
254056469,666大boy,高中的时候，班里有个漂亮的女孩，很多人喜欢她，为了她去约了一次群架，二三十个人吧，她说了谁打赢了就做他女朋友，我并不喜欢她，但是我喜欢把别人踩在脚下的感觉，力挽群雄，最后我赢了，把那女孩也打了一顿，然后扬长而去。——如果暴力不是为了杀戮，那将毫无意义。,9136
488778260,会为了一个人好好活下去吗,恭喜你加入单身狗俱乐部,5605
1599415367,川月我帅的一匹,听这个歌时，房门开了，脑补一出大剧：门缝里一个面目狰狞手持银刀的人，笑着偷窥着我，我也笑了{you can try to smooth me down}，一手抓起身旁的美工刀{smooth me}。。。。。to be continued {原创},4293
1541357607,猫气三味,"“宝贝...
我知道我管不住嘴！
但是...
你可以试着让我消消气吖！～”

——来自所有女生
致所有男生♡",4253
561302427,万里晴川-,是烟不好喝还是就这样不好抽.....你碰爱情😂,3897
1719388540,江离ovo-,"药名：人民币
昵称：钱
别名；RMB票子毛爷爷
原厂地：made in china
制造商：中国人民银行
功能主治：伤心止痛及各种疑难杂症
适用人群：十四亿中国人
用法与用量：外用越多效果越好
不良反应：少用头痛多用心痛
用户评论：我一直都在用大品牌值得信赖，唯一缺点就是经常断货
愿我们永不断货",3304
1634865990,请出示前往whin的车票,女儿，如果有人欺负你怎么办？    那怎么办？爸爸？    你可以用板砖打他，   可我是女生，！  那就用粉色的板砖！！！？？,2914
﻿用户Id,昵称,评论内容,点赞数
287742806,_权全圈,"等一个女孩拿掉我手里的酒，我就不喝了
等一个女孩扔掉我手里的烟，我就不抽了
等一个女孩睡在我怀里，我就不熬夜了
等我吃到我喜欢的人做的饭，我就不挑食了 等我穿到我喜欢的人买的衣服我就在多穿点，因为我还要在这个薄情的世界，深情的活着",123787
501515523,徐赖赖小同学,后来的我终于明白，真正的思念不是彻夜难眠想你到流泪，也不是大醉后大声地呼喊你的名字，而是我以为我已经彻底忘记你了却在生活最平凡的时刻想起你了，只需要一个背影，一个名字或者任何一个熟悉的场景这些都会告诉我，我爱你这个事实一直以来从未改变过。,85355
497472591,泽熙啦啦,我是你们故事聆听者 每一段话我都去看,77786
1434075998,你刚说你喜欢我,身体肮脏了       灵魂也成熟了,62319
295713659,小晶是唯一呀,没了心动的感觉，却羡慕别人的爱情。,56600
1701665561,全村最牛嘿,有谁亲手删了自己喜欢的人，到后来又拼命的打探她的消息💔,37719
455888723,徐志摩呀_,"我难过的
不是你和别人好了
而是别人这么容易就代替了我的存在
对于我来说
没有人可以是你
但对于你来说
每个人都可以是我
难过这个东西吧
难是难但终究会过
你先快乐吧
我的事以后再说我爱你[爱心]",25700
1360115186,或许多年后-,朋友们问我还想他吗 我都说早就不想了  偶尔翻翻他的微博 知道他认识了新的朋友 每天过得很开心 不像原来在一起的时候互相伤害 我觉得这样挺好的 不知道未来能不能再遇到和她一样的男孩 我不怪他了 真心祝福他过得比我好 这段话他这辈子都不会知道 没关系 我自己知道就好了,21462
379748005,孤岛无心i,她喝醉了总爱哭，说没你才叫输,14307
544089922,我知道她不用网易云,河南固始有个叫刘春蕾的女孩，这么多年了，我还是没能把你忘记。有时候多么希望能够回到以前，我还能牵着你，在秀水公园，在陈元光广场一起玩。现在你应该早已为人妻，或许早已忘记我是谁了。时光真的好残忍，夺取了好多，却告诉我们那是成长。多么希望你能看到这条评论，爱你的MXC,11188
362044308,不真实的绿豆沙,这首歌是朋友分享给我的，我看到歌手名字时候震惊了，因为她曾为我们以后得孩子取名张泽熙，看着歌词也与我们的经历神似，命运多舛，2014年7月28日分开我至今单身，已经五年半了，想明白了这辈子是不会再见了,9709
273271629,织甜,想成为张森森的未婚妻,9516
336616383,一东丶,那个女孩为你哭红了双眼，你们也回不到从前[心碎],8253
636960799,Wxh180,孤独并不意味着不能深情,6186
123931935,Hweichu,那你还是继续抽烟喝酒熬夜挑食吧,5764
﻿用户Id,昵称,评论内容,点赞数
114305616,接个吻开一枪,打个编曲卡，哥哥姐姐们唱的太好听了！,313726
303741802,陈1日,"这是什么神仙阵容
作曲：接个吻开一枪
作词：刘思鉴/沈以诚
演唱：沈以诚/薛明媛",212666
486052535,若泉i,"半只脚就要迈进高三的人
沉溺生活中那么多情愫
我知道你会看见
我很爱你",145807
390859566,中二病控,“我想…”  “好” ​,117647
340172785,往南是片海,"我想和你
在稻城亚丁相遇
在丽江古城相拥
在巴黎铁塔相恋
在捷克布拉格相吻
在希腊爱琴海相爱
在往后余生相守",108605
254344279,黄鲲_,这都是什么神仙组合？！,78022
620487870,哗啦啦少年再见,"焦迈奇：怎么我睡不着你也不知来救我？
沈以诚：我在失眠飞行。",76504
499358740,变笨,我在深夜的低空飞行 频繁触及星空时并不关心月亮与星星，我只关心你怎么还不来问我怎么还没睡,51707
1341911792,酒醒三更满船清梦压星河,"在年轻的时候 , 如果你爱上了一个人
请你 , 请你一定一定要温柔地对待他
长大了以后 , 你才会知道 , 在蓦然回首的刹那
没有怨恨的青春才会了无遗憾
如山冈上那轮静静的满月",39701
604070708,胖虎小哥哥吖,我想和你 一起看日出到日落天气@依依 ,37185
483607793,希望从此你的故事绚丽多彩,"我想和你
梦里就行。",33746
1647631549,坏坏不是狼,"¨今天和喜欢的人说了一句话¨
“说了啥？”
“今天和喜欢的人说了一句话”",22742
123579545,波克米探,我再也不会害怕去打扰你的生活宝贝，只要你还在哪里等候，无论生命多么漫长，我想和你在一起。,17762
276975862,Z土司,"我想和你
我想和你在一起 我想和你做属于我们的事  我想和你漫步在美丽的塞纳河畔 我想和你去美丽的土耳其  我想和你在在阳光普照的热气球上 失眠飞行[爱心]",16833
433098126,薛桂花儿,弟弟编曲太好听,14095
﻿用户Id,昵称,评论内容,点赞数
89678667,always-always,网易云的目的是不是向大家普及电音啊，还是被我看穿了[奸笑][奸笑][奸笑],18345
418680815,Bravo_13,"我相信不管在哪所学校
阶级上升的道路仍然是开放的
奋斗仍然是最有意义的答案
而对于你们来说
人生才刚刚开始
所以现在
我只能带着最纯粹的善意
祝福你们：
飞吧

By 老番茄😌",15920
82463939,_RipqaT,我们一直用语言说话，说了一辈子故事，花了毕生却依旧没人理解心情。于是我们不再开口，用音符沟通，尽管没人知道我们的故事，却找到了有一样心情的人。,7146
44679786,海绵波子汽水,哇男神这么火了～,5692
256834796,一言不合就闭眼抖腿,现在的年轻人啊，一言不发就闭眼抖腿…,5006
2936460,我是克劳斯,电音大部队[亲亲],4936
612329443,你怎知我心之所想,有一种男生，不会聊天，不会撩妹，一聊天就没什么话题，很尴尬，但是内心非常想跟别人聊天，主动又不知道说什么，只有选择沉默，身边的朋友很少，但是待人很真实，对别人来说是老实巴交，追女孩没一次成功，现在还单身，却总喜欢在别人的故事里感受温暖，加油！自己，加油！这样的人,4524
316217433,Anitta_,飞吧！ 明年的这个时候希望对高考能有信心 尽管现在成绩还是一塌糊涂！加油加油！,3079
271148770,zzlyoung,"倘若你问我愿不愿意再经历一次高考
        我会回答：“不愿意
但若你问我怀不怀念高考那段时光
        我会回答：“无比怀念”[爱心]
                           祝今年高考的高三的学姐学长们：飞吧[爱心]",3055
246295254,ii7cRe,"今天刚刚考完试回来就看到老番茄的视频,感触挺大的  飞吧~~~~因为老番茄过来的让我看到你们的双手！！！",2121
110744539,梦想成为一个有趣的妞,身材不好就去锻炼，没钱就努力去赚。别把窘境迁怒于别人，唯一可以抱怨的，只是不够努力的自己,1832
1307648512,无栗子不成立,"初三，别人都在好好学习的时候我天天打游戏到两点，堕落到班里倒数，最后报了个一般的高中，没考上
高一的时候自杀被我爸发现送了医院，抑郁症，最后办了休学
现在在另一个学校重上高一，昨天第一次月考成绩出来了，班里第一，全级49
我堕落过一次，这三年我不会再放任自己了
南大，等我",1799
259401409,Shadow_Suity,把所有带“飞”的评论都点赞了_(:D)∠)_祝自己也能平稳起飞！6.23如果考不好就去steam找安慰！,1497
10785520,任淘淘学不会小清新,又来了,1294
504714563,你的眼中有彩虹_,你们竟然还能知道他是个音乐APP，羡慕😂😂😂这个APP能看电影，能看动画，能看新闻什么的，最重要的是它竟然还能用来听歌,485
﻿用户Id,昵称,评论内容,点赞数
279890442,toka桑,疯狂支持，去年陪你看你的名字的他，今年还在你的身边吗？动画电影《升起的烟花，从下面看？还是从侧面看？》改编自岩井俊二导演的同名电视短片，由新房昭之担任纲总导演，影片将于8月18号在日本上映，9月15日在台湾上映，10月在香港上映，大陆有望引进。相约去电影院看吧,306688
414123935,_无忧i,"樱花落下的速度是每秒五厘米， 我该用怎么样的速度，才能与你相遇。

雨滴降落的速度是每秒十米，我该用怎么样的速度，才能将你挽留。

陨石坠落的速度是每秒十千米，我该用怎么样的速度，才能将你拯救。

烟花消散的速度是每秒三亿米，我该用什么样的速度，才能将你追回。",280468
111089166,Sakura雫,身着浴衣和服的男男女女，抬头仰望夜空、绚烂的烟火、灿烂的笑容，定格成日本夏日最美好的一瞬间。🎎🎏🎆🎇一直很憧憬11区这样的场景。。。升空的焰火，从下面看还是从侧面看？或许只能在梦里看。,175862
279890442,toka桑," 超级好听啊，已经循环好几遍啦好听到炸裂，为 daoko和米津疯狂打call，为新房点赞，升空的烟火，年轻的男女穿浴衣，美到窒息。“我们私奔、吧”，多么美的画面
",113286
428203398,椎名厌世,记得自己两年前跟着旅游团去日本。那是2015的七月份，天气很热，我和全车的人在日本跟着导游瞎逛，停留最长的时间总是鸡零狗碎的购物中心。那天因为堵车再高速上停留到九点，我看着窗外，一颗明晃晃的小火花从远处升起，慢慢地，然后在夜色里悄然绽放。记起那是日本的夏日祭，突然想哭。,108236
129377889,chaz1,升空的焰火到底要从哪一个方向看？不论是从下面看还是从侧面看，不论是在现实还是在梦境中，只要和你一起看就好[爱心],78518
471713029,一纸空筏,"那天带上我喜欢的女孩子去电影院看了《烟花》，看完后我们都沉默着，她在前面走我在后面跟着，走着走着回头对我说：“我们做好朋友挺好的”我没有看她，低着头说了句：”嗯""",76351
432537576,要多看看天空啊,朋友说有一个细节特别用心，男主比女主矮一点，因为青春期的女孩子比男孩子发育的快,71027
414702689,叶弓丶,菜刀降落的速度是每秒十亿千米，我该用怎么样的速度，才能难逃一死————《日在校园》,70518
286919668,用户286919668,“什么时候最孤独？”                                  “盛世烟火由你而放，他们都在看烟花，无人想起你”,67749
295192397,帐号已注销,"奈砂：广濑铃
典道：菅田将晖
佑介：宫野真守
奈砂母：松隆子
三浦老师：花泽香菜
纯一：浅沼晋太郎
和弘：丰永利行
稔：梶裕贵。     卡司好强大！连主题曲都找我爱的八爷开场啊啊啊啊啊一本满足坐等电影，太期待了，最后表白八爷的声音，男声一出来整个人都酥了[色][吐舌]",44565
1572226449,Sedate沐白,"很喜欢一句话:
我不会去考什么清华北大
也不会为了考第一
而半夜打手电学习
我只希望我高中生活有喜欢的人，喜欢的事
有健康的身体，有无悔的每一天
然后尽我最大的努力考上一所理想的大学
青春是该付出在那一张张试卷上
但青春不全是那一张张试卷
有目标，有信仰，有理想，那才叫青春",44344
351733094,Ocssss_,呐，你知道吗？樱花下落的速度是秒速五厘米，是RPG最高速度的六千分之一。紧靠在一起的两颗心，会在200米的距离内，被TBG-7V空爆燃烧弹烧成焦炭。世界上没有什么力量比爱情更强大，除了RPG，世界上没有一发RPG解决不了的情侣，如果有，就两发。,40285
33668233,石上静香,当初为了听这个真是疯狂循环mv,35132
533944735,西陆---,"中考倒计时208

——2019届中考生

愿此去前程似锦，
万事顺意。
2019年六月的某天，
超常发挥。
明年穿着重点高中的校服回来看老班。",35053
﻿用户Id,昵称,评论内容,点赞数
65138040,远坂凛凛喵,推荐这首歌给我的人已经被我删除了 歌还留着[大笑],66015
1308464,Midori--,这首歌据说是有缘分的人才能找到[大笑],50075
90899574,奔二,谁跟我一样是败在前奏.其实后面也是不错啦！但是比起前奏.我更喜欢前奏！节奏控的爱！[流泪],38511
310003596,提提提尔,夏目漱石说在日语里要表达我爱你，应说成 今夜月色真好。曾理解为含蓄。直到今天回家路上看见了湖面上大风吹起的波浪闪着光，特别想把“起风了”告诉一个人的瞬间，忽然明白了“月色很好”是怎样的一种心情，那是和含蓄无关的东西，是很直接的情话。,33015
360505191,坐在我前排的小哥儿愿意弯一下吗,我喜欢的男生总以暗恋告终，难道就因为我是男的？,31579
247800933,没有期望_何来失望,所以三样的结合版产生了(缘之空)!,24660
288084363,是蕾米不是蕾姆,“你手机铃声好好听啊 叫什么歌.?”“Secret”“真小气”“诶.?”,22413
115396690,豁即是侍北,今天坐高铁一直循环这首歌_(:з」∠)_调子好听到脑子一抽就跟他告白了［算是告白吧2333］十八年的人生第一次脱单啦！,11175
253046635,女王家的田先森,喔槽 当年下这首歌的时候才600多评论 现在都3500了 感谢图书馆系列撑腰,9156
136771655,高清蓝色,"“何为美人？”
“纤手，漾眸，柔腰肢。”
“可否具体？”
“橘子香气。”
“可否再具体？”
“汝。”
“何为孤寂？”
“清风，艳日，无笑意。”
“可否具体？”
“左拥，右抱，无情欲。”
“可否再具体？”
“不得你。”",8240
43266922,瞬间爆炸nmsl,作为程序员，封面上的eclipse让我不安,5902
85433476,君忆昔,在ST上听到的，现在ST关了，幸好还有网易云,5592
249264467,静静静静静XD,穿了可爱的小裙子 打开单曲循环 写作业(๑•̀ㅂ•́)و✧ 8.11之前一定写完,2931
299875627,现在天空要放晴喽,一听到茶太 第一反应是clannad 然后流泪,2283
323174016,还沉寂在你的微笑中,你离开不久电影《你的名字》上映 我买了两张票 在电影院最角落 人特别多 有说有笑的 我的头尽量的靠在旁边的空椅子上 直到所有人都走了 我对着旁边的空位置说了声 我爱你 起身 走人 外面下着小雨 这个冬天有点冷啊,1736
﻿用户Id,昵称,评论内容,点赞数
636074641,帐号已注销,今天是得胃癌的第五十二天，我准备和你说出分手了，你应该也已经知道我不能再陪你了吧。都说爱一个人就要永远陪着他。可是，再过两个月我就可能要永远离开你了。徐聪舟，你知道吗？,195667
277313426,隔壁老樊c,素不相识 但是你现在能不能叫出我的名字,155479
1385595869,-_Fun_-,我总不能阻止你奔向比我更好的人吧,88410
617981897,好像很久都没开心过了,《山海》，唱的都是男生。《感谢你曾来过》，唱的都是女生。男生只知道女生转身走开，女生却在心里感谢你来过。一个不留，一个不说…所爱隔山海，难平是人心,73225
358970602,lLennaud,"街边一个醉酒男子身边全是酒瓶   他恍恍惚惚的好像看到了上帝
上帝问他：你痛么
男子说：好痛
上帝：她欠你很多么
男子说：很多
上帝说：放心  她欠你的会有人向她讨回
男子慌张了起来  眼色慌张的问上帝  可以把刚才的话重复一边么
上帝说：  她欠你很多吗
男子拼命摇头说： 她不欠我的  都是我自愿的",59067
316601063,Zsss8,我时常反问自己为何给不起,51660
1539286241,唐林1808,刚刚和妈妈去买菜，几块钱的海带她犹豫了很久还是没有买，货柜上的酱油挑选的是最便宜的那瓶，结账的时候我看见她从包里不小心翻出的几角硬币，在车里她突然小声说压力真的很大，我假装没有听到，我突然后悔刚刚在超市里不应该买那么贵的山药……我，以后一定一定一定要挣很多钱。一定,37250
406649252,可有人真的能把爱藏好多年,我会不顾一切奔向你 这辈子都会,31838
1339309179,Swishh,那些难熬的日子真的熬过去了吗,25885
1461035527,脸又红了呀,"我打算在2018年12月31号 那天晚上
一个人👧
关掉手机💻
告别这有喜有悲的2018🎈
迎接在中考考场上的2019💝
不负众望  砥砺奋进💪
共勉
——致219届中考考生",24560
399768182,纤尘如墨,真的希望你撒了一个谎,22051
1441992930,怕欺,难平的不是山海 是你的心,17561
122832220,r普罗旺斯的农夫t,你网易云最近一周没有听歌记录             原来你恋爱了,15120
303572751,故人從此不在,错过就是你想要的我给不起，当我能给时你已变心，于是年少时的挖心掏肺，你也不屑一顾抛在门外,12812
1452110139,confused180508,安好陌生人,12316
﻿用户Id,昵称,评论内容,点赞数
279229667,空城浅巷若初见,恕我直言，我不是针对某一个人，我是说在座的各位都是有品位的人☺,240368
98290185,帐号已注销,现在追求高科技  所以我把缝纫机换了一台脚蹬式发电机  打亮全村的路灯,105185
34276811,呀嚓嚓哒哩,别总听这种对耳朵损伤很大的电子音乐了。每天早起来几首悠扬的小曲，然后品味下气势恢宏的交响乐，听听时下流行的歌曲或者充满诗意的民谣，你就会发现……还是特么的电音好听。😂,79306
252048763,nei张北北,没有歌词于是来看评论的一定不止我一个,45246
60216575,丶小清新m,[亲亲]封面太美🌺秒红心了[爱心],37222
63451102,鲜芋青稞牛奶女士,边批作文边听 每篇都是优啊[呆],31142
111880299,Mix青年,不经意间，被网易云的用户们自主建立的一种文明的网络秩序所吸引。也许这就是未来网络的一种发展趋向，只希望那些恶俗的东西不要在这里发展，给我们所有人一片属于自己的乌托邦。,27924
105938096,歪乘叁,发现评论很多考生啊……那啥 放轻松 高考就是年轻里鼓足了气放的一个屁 ,26464
81937239,命运的哀鸣ZZZ,音乐播放器就服网易云，视频播放器就服b站，网易b站永远一家人ｸﾞｯ!(๑•̀ㅂ•́)و✧,24793
284036399,依依依偌,虽然很喜欢。但是我不敢点红心[大哭]我怕我以后都见不到歌词了,12505
47666444,Meliva,今天研究生复试，面试笔试都特别差，整个人都不在状态。摊在酒店的床上，只有电音能给我安慰,7464
1650989308,命运何其不公,我跟你讲，40米的刀不是那么容易收的,6065
511401777,爹就不死,"如果你考得不好
不要绝食
不要跳楼
但要保持难过
保持愤怒
保持对未来的恐慌
没有伞的孩子
一定更会奔跑",4460
252096737,帐号已注销,高三啦！明天高考啦！考完我们就要分开啦！我还喜欢你耶！可你都不认识我啊！我知道你的网名是escape啦！等着我啊！我已经逃不开你的世界啦！这个歌就是我对你的心情啦！后天对要对你表白啦！你可一定要同意耶！嘿嘿～～,3895
1421357084,dyro,"睡前太懒不想关灯，随口到:“有鬼吗，帮忙关一下灯，请你吃冰激凌。”
啪的一声，灯灭了，我吓了一跳。
黑暗中传来一个小小的声音。
那个……冰激凌要草莓味的可以嘛?",3783
﻿用户Id,昵称,评论内容,点赞数
52292441,格调菌,这首歌原版是高野健一的，rsp是翻唱。原版歌曲描写的是父亲在女儿临死前的万千思绪。我一直觉得原版的歌词最好。这不是clannad的歌，更不是龙族的歌，这本该是属于一位父亲的歌。,62225
39448871,长江骑士,落尽红樱君不见，轻绘梨花泪沾衣,33584
1171359,艾斯卡诺,"“04.24，和Sakura去山东蓝翔参观，世界上最暖和的地方在挖掘机顶上。” 
“04.26，和Sakura去新东方，有人在那里炒菜。” 
“04.25，和Sakura去青鸟，计算机很复杂，但是有Sakura在，所以不复杂。” 
“Sakura最好了。”",18890
44534241,花束-akira,"Sakura Sakura 想要见你呀，
我不要 现在立刻就想要见到你
没关系的 我已经不会再流泪
我是清风 将你温柔的怀纳其中
Sakura Sakura 想要见你呀
我不要 现在立刻就想要见到你
谢谢你 永远喜欢着你
我是繁星 永远地注视着你
与你邂逅真是太好了，真的是真的是太好了

",14326
35651677,EcholovesWinter,雪中智代雨中杏，樱下小渚花田汐。,11053
61898787,bravekiwi,不是动漫的，不是clannad的，也不是龙族的，最先是父亲写给死去的女儿的,8729
39448871,长江骑士,这首歌中文名叫清明樱花祭，喜欢的可以查一下,7763
120856772,未来的定义,一天，老师在讲解“英雄”这个词语，老师提问小明：“小明你举个例子。”小明怯弱地站起来：“我妈妈说爸爸是个英雄。”这时全班都笑起来了，小明的爸爸怎么可能是英雄呢？小明说：“我妈妈说汶川地震的时候，他为了救全村子的人，独自去了很远的地方。”,6814
54965123,桜泠,因为是一位父亲写的歌所以很多人来刷cl。一有关于樱花的就有一大堆龙族粉来这。虽然差不多算是个龙族粉也很喜欢cl这部我心目中的神作，但还是希望别太过了，毕竟是一个父亲的歌,6435
42760619,Bling_wang,青梅枯萎竹马老去，从此我爱的人都像你。,5616
51349417,佩特拉综合症,那首歌也被龙族粉刷屏，这首歌也被龙族粉刷屏，是不是只要歌里面有sakura龙族粉就能高潮？,3503
16564505,晚风秋水蓝,太燃了。刚才一边洗内裤一边听，想起高中时的她已为人妻，用力太猛扯碎了两条～[流泪],2663
63292658,藤野小町,推荐和高野建一的さくら一起食用，更戳泪点,1671
67235688,浮生尽-,昨天听了原曲才知道这首是以女儿的角度来相呼应的[爱心],1473
116870376,小野猫啊啊啊喵,rsp版应该是以天堂女儿的角度回应那位父亲的祈求，保留了原版“小樱，小樱，好想你”的唱句并给出了女儿的回复“没关系了，我就是风环绕在你身边”两首歌互为补充共同描绘了一个凄美的故事,1382
﻿用户Id,昵称,评论内容,点赞数
135912165,是阿冗的冗,"感谢大家，阿冗只是一个没学过音乐普通上班族，希望歌声能陪伴大家。 2019年，大家都会找到喜欢的那个人陪你。[爱心]",137156
637156907,-小叶小叶拒绝熬夜,你为何要找那么多的借口，我又不是不让你走。,59452
445209482,晚安夢裡見,“爱的多的人总先掉眼泪”,37642
472199956,阿独99,"好的歌只会在无意间听到
可人们会贪心将其循环
直到有一天厌烦了 便丢弃在一边
仔细想想遇到的人不也是如此",30644
1705053670,有泪无伤假装风轻云淡,恭喜前任，喜提对象，无缝衔接，普天同庆！,27716
270198301,北久人情,"凌晨四点钟，我看见海棠花未眠。
总觉得这时，你应该在我身边。
——川端康成 《花未眠》",24869
281374076,清酒汪澜,"无法割舍的人
既没有给你刀 也没有给你拥抱",17738
556150518,你那mo爱她,"有几次我满怀热情 你却心不在焉
后来你想像我吐露心声 我也视而不见了
这段关系是我们一起搞砸的 谁都难辞其咎",17219
1325095400,百事可乐中国董事,我最怕发现我有想要的东西了,13378
556150518,你那mo爱她,你看，哭到泣不成声的是我，在黑暗角落红着眼的是我，嫉妒你身边的女孩嫉妒到扭曲的是我，乐观和洒脱都给你夺走了，你能不能可怜可怜我，放过我 。,12078
534746680,孤独成瘾-H,"终于在除夕夜听到了你已结婚的消息
怎么说，没有痛哭流涕 没有伤心欲绝
只是把有关我们的过去回忆了一遍
然后默默的删掉了你，关于我们的2018统统都说再见吧
祝你幸福美满
祝我余生不孤单",8307
1422830706,sakur蓬莱,"在年初一那晚
我花了二十三元
在路上看到关系变淡的朋友正在稍急地跑去与别人赴会
又看到了以前如胶似漆的闺密在陪着别人游玩
仿佛也回不去以前了
走了也好久也看了很多想见的人了
但就是还少了什么人
你看啊别人都有自己该有的事去做了
我找不回你们了",5958
416941487,别抽烟了吧,我突然后悔为什么是个体育生...？,4781
574769414,枳合H,很喜欢你的声音   💗能听就很开心了,3923
1353423569,你的暴烈温柔_,他怎么舍得她难过，怎么舍得看她一次又一次掉眼泪，所以才答应了她呀,3776
﻿用户Id,昵称,评论内容,点赞数
47046532,Kogami-Shinya,耽美界的国歌！！看世初，奏国歌！！👬👬👬👬行注目礼！！,121632
73606577,老兔先生,好多人鄙视腐，我觉得伪腐的确招人讨厌，但是真心相爱的两人为什么不能在一起，作为男生我觉得有些女生实在比男生难相处很多,89146
135642142,喵喵团er,"曾经用这首歌作为手机铃声，直到有一次上课，忘了关声音。我是老师。(￣_,￣ )",67300
48597093,陀思妥耶夫斯基仔,我是直男，为什么给我推荐这首歌啊[大哭][大哭][大哭],45574
87312265,o_O杰西卡使用了死亡凝视,作为一个男孩子，以前是对同性恋比较反感，但是被腐女同桌每天各种安利黄段子之类的也就习惯了，有天她告诉我这个，开始看还没啥感觉，看完第一集听了ed我觉得打开了新世界大门，太踏马好听了！！第一首会唱的日文歌[爱心]，然后现在完全变成双了_(:з」∠)_，男女通吃什么的。。（捂脸。。）,42106
60795639,死焰腾飞,看AV或者GV都能脸不红心不跳的我，看世初居然会红了老脸。,29576
3351117,树海娃娃,每次KTV，必唱此歌，男生一个，不看BL，单纯喜欢歌而已，这是首情歌，对着妹纸唱很有感觉的,24586
99770125,盛夏一树繁花,世处看完了，纯情看完了，眷恋你的温柔看完了。已经不想找男朋友了。,21947
3828985,Naomi喵二,私以为失恋了最好的治疗方法就是看世初了，每集都甜到心苏_(:з」∠)_,16553
55621887,世界尽头的少女,世初是一部治愈系的教人怎样对过去敞开心扉接受别人的感情，怎样处理恋爱与工作的关系，怎样不管遇到什么困难都专注于自己的梦想，怎样从人生低谷中挣扎出来，让更多人了解漫画编辑这个职业，让人重拾对初恋乃至爱情的信心的良心动画！只是为了看腐漫而去看腐漫你就大错特错了！,16245
34288177,沙漠牡蛎,世初是什么，腐女是什么，我什么都不知道,12062
33930533,牛油果霜淇淋,“虽然你不是第一个跟我交往的人，但却是我的初恋”[爱心][爱心][爱心]宗律一生推[男孩][男孩],10974
419227192,麓图酱,我要告诉全世界，我向我父母出柜了，他们接受了！！！！！！！！！,10088
82504909,不不丿,得知全网下架的消息后 ，一开网易就发现上次听的正是国歌。挺不好受的。我也不管是什么原因了。世初对很多人来说都是一种情怀。心情不好的时候，刷一刷可以少女心就地复燃，甜到打滚。没有了，就蛮失落。,8859
625964644,用户625964644,作为女生的我也觉得女生比男生难相处太多[大哭][大哭],5711
﻿用户Id,昵称,评论内容,点赞数
45619918,KanoNeko,[亲亲]发音怎么听的有奇怪的感觉，意外的好萌,17892
108781179,病原Lu_,"part1:再见了 偷花人，
谈了场最糟的恋爱 暧昧中就结束了，
说不定 这样也意外的能称得上是幸福呢，
糟糕透顶的人生轻易的就结束了，
说不定 这样也意外的能称得上是幸福呢，
在梦里边又做了个梦，
结末 海岸边 小猫的甜蜜终焉，
再见了，",10048
79385219,零燃,开头好萌，因为这歌喜欢上了锁那妹子了怎么办[惊恐]话说我最近发现我喜欢的女声就是这种带点感冒的萌萌的鼻音。。我已经没救了[奸笑],9538
52321420,chonger3132,歌词涵义很深呢[生病],5235
108781179,病原Lu_,"part2:啪啪啪啪 将花儿一把摘下，
啪啪啪啪 用扁平足的脚跑在海边，
轻快地 轻快地，
再见了，
啪啪啪啪 将花儿一口吞下，
啪啪啪啪 脱个一丝不挂跳进海里，
清楚感觉自己活着，
「我啊我是知道的哦。你说谎的时候会摸摸下巴。就像现在这样。」，
平凡的每一天也会在几年内结束，",4409
108781179,病原Lu_,"part3:想不到 光是这样就够令我难过了呢，
就算是最棒的你 也会轻易的死掉，
想不到 光是这样就够令我难过了呢，
爱啊爱啊好像把那份爱吃掉，
she said 「用你的手把我掐死吧」，
再见了，
啪啪啪啪 将爱一把摘下，
啪啪啪啪 双颊羞红一丝不挂，
端庄的 端庄的，
再见了，",3013
108781179,病原Lu_,"part4:啪啪啪啪 将爱一口吞下，
啪啪啪啪 两人沉睡在脏了的床单上      ^，
清楚感觉自己正活着，
「我啊是知道的哦。才没有什么永远的幸福。就像花也是会枯萎的吧？」，
过了几天我又来到了海边，
啪啪啪啪 夜晚深渊中唉声叹气，
尝起来像巧克力 像巧克力一样，
那又甜又苦的味道，",2652
108781179,病原Lu_,part6:「我们去偷采花吧。」,2255
347283771,姗姗来迟的同学,网易的朋友们 听我一句劝，放下耳机吧，出去走走，读几页自己喜欢的书，约几个朋友出去打打球，聊聊人生理想。真的 一天下来，你会发现 还是特么听歌有意思。,2157
114819605,坂田鹿由,我也…我是现在B站看到了manako的舞，可能先入为主吧，觉得鹿乃的萌音这首偏重了，不是说不好听，我个人更偏爱锁那这首唱出的轻快的感觉。不过两边都收藏了，都是小天使👼🏻,1467
77585244,X_Evanboy,咿涩诺涩[亲亲],1057
101577792,mayonezu-,樱桃女神那边过来！！！,718
1479218546,fh在线崩溃,总会有那么一天，女孩们 会脱掉自己爱的小白鞋，穿上漂亮的高跟鞋，优雅的走在未来的道路上，你会盘起头发，梳上刘海，然后画着精致的妆容，徘徊在各种社交场合里，不会再像从前那样梳着高马尾留着齐刘海，哈哈傻笑，你会成为父母引以为傲的女儿，会有那么一天，你也会很坚强，坚强到可以为你爱的人撑,538
99659751,秩序罗兹威尔,"这首歌的基调之所以听起来欢乐，歌词比较黑，我是这么认为的
女方和男方有过很多美好共同的回忆，却因为种种原因被阻碍，最后男方先走，女方也要追随男方的脚步，而歌曲里有海边浪花吹拂的声音，可以看出海给男方女方留下的回忆十分重要，甚至可能私定终身了。
女方追随男方的脚步一步步走向海",453
1879318566,雨木目鎖那症,"在云村看到一首日本的三行情书.

もしも人间に*尾があったら
如果人可以长尾巴

ちょっと耻ずかしい
会觉得有点难为情呢

君と一绪だと、いつも振ってしまいそうだから
因为只要和你在一起,我总会忍不住摇尾巴吧",351
﻿用户Id,昵称,评论内容,点赞数
346523144,AlexLee0,帐号已注销，便是已经离开网易云音乐的人。你永远不会知道祂们的名字，除非你曾经认识祂们并记住祂们。已经消失的人，因为虽然我不知道你是谁，可是我知道你喜欢过的歌，也是一件很美好的事啊。,11862
284438497,晨曦那束光,《中华人民共和国刑法》第二百三十七条以暴力、胁迫或者其他方法强制猥亵他人或者侮辱妇女的，处五年以下有期徒刑或者拘役。聚众或者在公共场所当众犯前款罪的，或者有其他恶劣情节的，处五年以上有期徒刑。猥亵儿童的，依照前两款的规定从重处罚。 定我上去，把法律放在前面，保护萝莉人人有责。,10835
273133520,-网易小天使-,我喜欢萝莉，并不是因为她看起来很矮很萌，并不是欺负她让她大哭后要拿着棒棒糖哄她，并不是想玩什么养成游戏，并不是她看见想吃的东西拽着我的衣服要我买给她，并不是她不够高我托起她才能拿到东西，并不是每天睡觉她都会抱着你，她睡了你才睡，在下，只是喜欢萝莉罢了,7842
420421178,浮沉前世梦今生,萝莉就是力量。 达尔文：物竞天择，萝莉生存。 海明威：人可以被消灭，不可以没萝莉！ 古云：野火烧不尽，萝莉吹又生。 洪迈：成也萝莉，败也萝莉。 麦克马决：萝莉是不分国界的。 孔子:3人行必有萝莉焉。 老子：萌可萌，非常萌。 古云：萝莉控之心，路人皆知。 中汞:向伟大的萝莉致敬!,5391
420421178,浮沉前世梦今生,做公交遇到这样一幕，一个老太婆上车发现没做看了一眼旁边的一个十二三岁的小女孩，一把把他拉起来自己座了下去；嘴里还嘟囔着说现在的小孩子书都白念了～我听了以后马上把座位让给小女孩并大声说“书白念了可以重念人白活了可来不及重活。,5194
349167435,茶橪,你永远不知道你旁边的彪形大汉耳机里在放什么歌 第二弹,4024
63184040,山下智搏,想起空的一句话--萌就是正义！！！  诸君，拔剑吧！,2990
122634659,Archerangel,今天初中生活最后一天，中午，我坐在座位上戴上耳机打开网易云听日推第一首就是这个我听完就开启了单曲循环我埋着头在座位上自嗨过了一会抬起头发现周围人都在看着我我有些尴尬的拿下了耳机后发现手机出问题了……耳机在播的同时手机也在外放。我很庆幸今天是初中最后一天。,2436
55536920,风吹的森林,"我的萝莉控不是一天养成的，自从一年期在网易云点了一首很可爱的歌的红心后，网易云就开始每天非常勤奋地给我推各种很可爱的歌。
这么可爱的歌，不点红心怎么可以呢？
然后就是更多可爱的歌。
我也没办法，都是网易云的错。",1775
432117749,因心而入,账号已注销分三种，永注销，你是打不开个人界面的，已无法看他听过的歌;已远去，是不用网易云了，改名为账号已注销，一周内没听歌，可能还会回来，几率小，可以查看主页;虚注销，仅改名，但仍在使用，可能是重新返回，可能仅为娱乐。真正离开的人，你无法了解他，仅能通过评论遐想。,1537
432113915,葡萄小久,小学时我喜欢一个小女孩很久了。一天坐公交车的时候一位老太婆指责她白念书了不懂给老人让座位。她委屈的离开了座位。我立马冲过去把我的让给她。还给了她一个糖让她别哭。后来她成了我的老婆。她永远不知道。那个老太婆是我花了三周零用雇来的[大哭],1441
356982965,请给我一支多巴胺_,我喜欢香蕉君，并不是因为他看起来很大很壮，并不是欺负他让他把我过肩摔他要拿着棒棒糖哄我，并不是想玩什么dark♂游戏，并不是他看见想吃的东西把我拽进dark♂door跟我谈话，并不是他的雄壮，他托起我才能拿到东西，并不是每天睡觉他都会压♂着你，你睡了他才睡，在下，只是喜欢香蕉君罢了..,883
1408823663,关于废物的四种写法,可爱的女孩子不是用来扒衣服按床上侮辱的，当然，任何女孩子都值得被保护的好好的，开心并值得地给出自己的第一次。,672
85805677,你是不是龟龟啊,我不喜欢女人我也不喜欢男人，我喜欢高达,468
132231160,超努力的夜羽,"停，别继续往下划屏幕了，看看下面这行字

“你很棒！明天请继续加油！”

OK，可以划走啦

只是以防万一今天一整天都没有人夸你 ​​​",300
﻿用户Id,昵称,评论内容,点赞数
314214433,下鸭海星,这是一首歌颂死亡的歌，无论一个人选择如何结束自己的生命，都不是未经历过死亡的我们可以靠着想象来自以为是地理解并指手画脚的，因为无论如何，她曾经活过啊。,387869
112965557,帐号已注销,不知道是否安慰你，但是我突然想起我的语文老师对我开导的一句话“人生就像心电图，一帆风顺，就死了。”我仍然记得那时她说这句话时眼里闪烁的泪，以及她声音的颤，最忘不了的是她紧紧握住的，我的手。,203150
86693480,大九君耶,这种严肃的评论下，我都有点不好意思问封面是不是胖次了[呆],171207
122557180,justspectator,“有一天我忽然意识到：我自己是我一生中最后一个死去的人。”,163157
74517692,柏承戈,齐奥朗认为自杀的念头是自然的、健康的，对存在的强烈渴望才是一种严重的缺陷。他甚至将自杀视为能保证人活下去的唯一想法，因为“自杀让我明白，我可以在我愿意的时候离开这个世界，这令生命变得可以承受，而不是毁掉它。”,126732
335462238,口爆,喜欢iPad你就去买，喜欢莱卡你就去赚，想喝港式奶茶你就过口岸，想当team leader你就努力学习然后努力去工作，想去威尼斯你就攒钱去，想爱谁你就去爱，想追谁你就去追，想到了就去做，拼命努力，拼命享受，忍着守着惦记着，青春就过去了，何必用40岁的心态过20岁的年华。,119204
256390055,-菲露特-古蕾斯-,"小时候家里养过一只猫和一只狗 
狗总是被猫欺负 不是狗憨厚 而是斗不过猫 
比如猫藏在鞋盒偷袭狗 狗只能绕着鞋盒转圈 
后来狗去世了 猫没看见它去世的样子 只是没见狗回来 
半年过去了 有天我故意在门口喊了声狗的名字 猫从屋里飞奔到门口左右张望",117903
444265222,盛夏的一树花开,很多自杀的人最后一刻都是后悔的，证据是，90%跳楼而死的人，都伤在手部，肘部或者腿骨，因为在最后一刻他们采取了撑地的姿势，他们想活下去。有个朋友说，像香港女星陈宝莲就是这样的。但也有10%的例外，他们最后的姿势是仰躺，比如张国荣,116890
130087279,梅酱意面,没有勇气去死，只好努力活着。,87307
75625400,清漪的酒,有人说。 人的一生会死亡三次。 第一次是断气的那一刻，从生物学角度来说的死亡。 第二次是举行葬礼的时候，这一刻你的身份将在这个社会上抹除。 第三次是这世界最后一个记得你的人死亡，这一刻将是真正的死亡。 从此，不会有人知道你，来过这个世界。,85132
345430321,躯体化形式障碍,前段时间，甘肃女孩纵身一跃，消防员哭得撕心裂肺，楼下观众笑得满脸丑恶……这世界很多人心理都扭曲了啊,74077
277320219,江逍,「今后你也会喜欢各种各样的人，正因为活着才能这样。」——东野圭吾《时生》,65571
427155132,xxxHix,在中国最热心的永远是网友，最冷漠的永远是路人，到底是网友不上街，还是路人不上网？,60350
1490244060,-無欢_,冲动型自杀的周期是13秒，所以，请你再忍13秒，求你，只是13秒，拜托了,42579
50167071,bakamitaikedo,「认定生活没有意义和勇敢地活下去这两件事之间，并不存有矛盾。  而认清之后却仍旧热烈环抱，可能也算一种英雄主义。」看剧和听这首歌的时候莫名想到的，一直留在脑子里。再刷一发评论真的太太太喜欢了哈哈哈哈哈哈哈[可爱]やっときった！本当に嬉しいです！[亲亲],41195
﻿用户Id,昵称,评论内容,点赞数
266647516,Vfdby,哈哈，大伙们 其实这首歌是我做的呀。。(๑ºั╰╯ºั๑)没想到会火起来的呢，起初是发上soundcloud给yunomi做Remix歌单的，没想到有人帮我把歌搬来了网易。。结果还火了呀٩(๑^o^๑)۶,220827
295612957,非常喜欢胡萝卜的某狸,你永远不知道一个擦肩而过表情严肃的男孩子耳机里放的是什么歌(°ー°〃),128050
94511366,Brandjo,一把抱住妹妹！               顺势被打了一嘴巴，你tm发神经吧！      “啊！尽情蹂躏我吧！”                    “妈！你儿子疯啦！！！！别特么碰我！！！！！！最后三个数把手拿开！！！！”           “不拿！！！”,75169
337641708,玩弄着四五鸡蛋,朋友家有四岁小妹妹一枚，一天发现柜子里的感冒药没了，板着脸把她叫过来……朋友：你拿我药了？妹妹：我真的没拿。朋友：拿了几盒？妹妹：两盒。朋友：你扔掉了？妹妹：没有扔。朋友：扔哪了？妹妹：厕所垃圾桶……,56668
341020852,迷路也是路,你永远不知道一个穿西装的一米八男孩耳机里放的什么歌(⁄ ⁄•⁄ω⁄•⁄ ⁄),33708
375982694,独霸二乔,你也永远不知道健身房里苦练肌肉的壮汉靠哪首歌给自己力量,31548
291818406,包子神龙,让我忍不住又听了一遍“是萝莉控真是太好了”[大哭],27672
333184687,我爱义勇一辈子,我哥，一个一米七五的大男孩，总喜欢带耳机听歌，没有任何表情的做事，直到有一天我不小心扯下来他的耳机线，然后听到了这首歌，这首歌是我之前推荐给他听的，他听后满脸嫌弃，没想到。。,22954
112926133,春卷留声机,说个不明显的小细节，这首歌的末尾有一小段电钢琴的重复。玩过Garage band的人应该会注意到，它是叫“弱拍电钢琴02”的一个Loop。【像我这么无聊的也是没谁了】_(:з」∠)_,20920
383074,ISilder,这是萝莉骂人吗？[大哭][大哭],10571
1414365707,非非非子鱼,和我小时候差不多！！我妈：今天幼儿园老师打你了嘛？我：没有……我妈：老师打哪了？我：打手背了……我妈：打手背了？我：没打我……我妈：打的疼吗？我：疼……qwq,9682
388161250,今天的风儿甚是喧嚣啊呸,呵！！！凡人！！！我都是外放的(ಡωಡ),9101
1512963004,RANEYU,一把抱住哥哥！“干嘛？”“就想抱抱你。。。”哥哥回抱我“哦，那你抱吧。”,5707
560805488,愉倩的挼,画面感极强，顺便....你...还好吧....别被打去世了.........,5080
132092204,食宇宙的蚂蚁,我今晚成了个bug✔,4872
﻿用户Id,昵称,评论内容,点赞数
1392242039,陈亦云亦云亦云,"无数次在梦中看到，娶你的时候，你有多漂亮。我带着孩子去做海边玩，你就坐在岸上。
我怕海风，但是如果陪你，我可以坐一整天。

你会回来的对嘛？这一次我们不要分离，我通透了，这是来自我的温柔。


谢谢你们 ，喜欢这首歌，抬举，如果有你的故事，写下来吧。感谢厚爱",55755
624466981,光娹,希望不要被网红发现这首歌💚,46425
1324206467,WauSiChien,我怕你火不起来，又怕你真的火起来,25562
1303288602,不善言辞的皓御大人,听到这首歌，忽然起了共鸣,16428
1455051686,妳真喜人,到最后一切不都是你自作多情吗 你觉得一往情深的你在她眼里却分文不值 爱你的人从不轻易离开 而你还在深夜默默抽泣 我承认我也是曾在深夜崩溃过的人 可是我现在不也变得很特别吗？ 我特别的颓废 特别的无助.,13907
1392242039,陈亦云亦云亦云,我爱你 灿灿,12908
483473087,Michaela-G,高一的时候就爱上了这个学校的老师和学生💙高二住校  放学趁门卫不注意溜出去吃好吃的  偶尔会被老师抓  他们不批评你  只会叫你赶快回家❤高三大家都开始忙碌  为自己的未来努力  只是想到分离就很难过  💔大一怀念在北四分的时光和北四分的你们💛大二想念北四分的一切💜一想到北四分  做梦都会笑醒💕,10280
292203080,秦天tiky,愿你在犹豫远走之时，被人看得通透，别等风的遗漏，遗忘洋流，我是曲作者之一秦天,9347
483473087,Michaela-G,大一的时候不懂努力，现在在拼尽全力。我认为如果我还愿意努力，说明我还对生活抱有各种美好的期待。学弟的歌触动到我🙏想家  想爸妈  想北四分  想北四分可爱的学弟学妹们💗,5256
314112359,Nelson-H,"从没有一个人像你，可以成为我嘴里的一块糖
从没有一个人像你，能让我倾尽全力付出所有
从没有一个人像你，可以让我一生无法平静
那一天你说要远离，两个字在我心上扎出了血洞
血，一直流，你，一直想
待到春华秋实，或许我会痊愈
待到天荒地老，或许我会忘记
但，我，现在，一直爱你❤",4936
299660856,一个没睡醒的早晨,一路走，一路辜负。,4477
369072890,-阿琦琦呀,我听这个歌的时候只有三四百评论  这个歌很好听 但不愿意让这个歌火 有些东西一火就变味了,3779
319567604,御難,一个并不完美的自己 可能给的我都给你,3154
1372878929,_账号已注销_______,想在人海中找个人把你取代，却连个像你的人都找不到,2977
1352268866,喜烊yang,北京四中呼和浩特分校[爱心],2516
﻿用户Id,昵称,评论内容,点赞数
294968696,kazakumo,前几个星期有个男生追求我。我看他可怜决定和他在一起了。结果他给我听了个电音。我说不好听他还和我吵。回去之后就拉黑了我删了我的好友了！,10159
275938795,他大爷白,说中国电音不牛逼的请去86版西游记片头音乐,6983
52593399,萨万特,一个漂亮的女同事网购了一条裙子，到付却没钱，然后让我帮忙垫付。她穿上裙子后问，你有女朋友么？我说没有。然后她转了一圈问，漂亮么？我说漂亮。她说这是男朋友送的。我上去就是一巴掌，你TM想赖账是吧？这裙子还是我垫付的！跟谁俩呢？,6132
112366650,remmuh,几个月前我追求一个女生 她看我可能比较可爱就和我恋爱了 结果我给她听了一个灰常好听的电音 她说不好听还和我吵 回去之后我就拉黑了他她删了她  要什么女朋友 还是电音好!,2938
418662312,愿与小娘子伉俪情深,今天休息在宿舍听了一天歌，计步器显示我走了一百三十多公里[呆][呆][呆],2310
65431913,非鱼-花,你的计步器绑头上了吧,2114
348257757,你是生女的欢喜,就知道你小子在翻评论[大哭][大哭],1520
474534783,孙妲己听,中国有14亿人口，网易云音乐有3亿用户，而你偏偏在这首歌的评论里面看到了我，是的没错，这就是缘分。大爱ヽ(*´з｀*)ﾉ,1514
247085664,好人好无良,女生天天给男生送便当，送了两个月之后……男生害羞的对女生说：“便当很好吃，我……”，话没说完，，，，，，，，，，，，，，，，，，，，，，，女生说：“真的吗？那是我哥哥做的，他喜欢你好久了。”,1098
128080567,印槿,今天下午中考，历史政治开卷考，22本书特殊BUFF加成，在日推里表示求祝福...,892
301824076,用雾霭遮住伤口,谈下iPhone X 用网易云感受：外观上比8精致，比想像中好看很多，全面屏5.8英寸屏幕明显的大了好多，可以看到网易云更多评论最直观的提升是运行速度，A11处理器就是快，打开网易云各种app和多任务处理时非常流畅。其他功能还没来得及看，因为站我前面玩手机那人已经下车了。。。,805
1634693895,小葵的勿忘我,有多少迪哥粉丝,395
135286947,若相逢伊莫忘,昨天暗恋许久的女生接受我了，晚上的时候我高兴的给她放我最爱的电音听，可她竟然说这啥破歌啊，难听死了，还那么吵。劳资当时就怒了：去你md，没一点欣赏水平，劳资不伺候了，滚滚滚！       嗯，现在单身。[大哭],328
1326937099,骗你一个晚安_,其实刚开始我看觉得没什么异常的，但我点进去看了性别后，瞎了！[惊恐],300
601271720,鸡可爱鸡,迪哥粉已到达战场！！！！,262
﻿用户Id,昵称,评论内容,点赞数
255120859,帐号已注销,08年玩征途，跟四川一网友正组队打BOSS，他突然掉线，爆的装备想跟他平分，等了7年，他的头像始终是灰色的,583875
52336345,刘益良Marco,这首歌曲名字之所以叫《You》，相信很多人能听出歌曲里的情感，    平静孤寂的调子起头，两个人分开之后的沉寂 颓废，慢慢的音阶起伏，我意识到不能这样下去，我开始改变现状，变得积极。到高潮部分  我不在颓废，我走了新的目标 我迎着太阳前进。我想这就是You的含义，你是我的一段过去,279695
48353,网易UFO丁磊,午间醒神,271974
308722476,听说你是小可爱77,奶奶安装了WiFi，为了让我陪陪她,237244
555939507,双k一生tui,"第一遍看完没有察觉出什么
几个月后，现在再回来听
突然发现，08年四川，地震。",155960
127006543,帐号已注销,"“你别哭啊  我抱不到你”",144821
59034881,寡人有三急,听着这曲子一口气跑到了公司上班！32度的大热天，早已不复少年的我，感觉依然年轻！,131226
52437464,孜默,每次失望一次，我就少做一件爱你的事，直到最后备注改成全名、取消特别关注、上线不主动找你、收起你送的东西、删掉你所有的照片、再也不偷偷看你的时候，就是该说再见的时候了。多年后你会不会记得，曾经有一个人很努力的珍惜过你。——失望是一天天积累的，离开是很长的决定……,121862
119639401,---名前,我才17岁 ，有什么干不了的事。,105275
604031079,Glory_尘清,你给我发一个“嗯”，我还是会继续和你说话。                     可是我发一个“嗯”，你就没有然后了。,82260
19603224,泪水民谣,那停顿太美…,73961
486344664,聂聂小小,看到莫名心痛，我们都知道那年四川发生了什么，希望他是幸运的。,70355
47695990,索菲亚_天姬,每当希望出现的时候，我就会多做一次爱你的事情。从开始的悄悄关注慢慢变成相互问候直到特别关注，送你礼物，生日party，对其可见，奔现，为了对方而努力奋斗。希望总是慢慢出现的，相爱的人相互厮守也是很长的过程…,64895
249209072,Saymeet,闭上眼睛……想象一下，2080年，你已经七老八十，坐在空无一人的房间，臃肿老态，生活不能自理。你对上帝许了一个愿望：“求求你，让我再年轻一次吧！”上帝说：“好的。” 于是“biu”的一声，你回到了现在，睁开眼睛，现在是2018年， 你又年轻了一次，这一次，你打算怎么活？,63480
78753455,Desperado-F,此刻我喜欢的女生就坐在离我不到10米的地方[爱心][爱心] 好像把耳机塞到她的耳朵里。。可是没勇气[哀伤][哀伤],49889
﻿用户Id,昵称,评论内容,点赞数
19324540,mercurius-穷途,真正听电音的人是孤独的，因为你的嗨点与别人不同。,95554
131860379,Mr_LaoWang,千万别听到电音就点红心，要不然你以后被推荐的歌都不会有一首是带词儿的[大哭][大哭][大哭],73400
86797744,l_ohhhhhi,是网易云让我吊进电音的坑，我都不敢给别人看我歌单..一个女孩子[大哭],37461
54906980,筱儿_菇凉,听电音也听古风，喜欢“电子狗”也喜欢雅尼，我就这么任性～[憨笑],21451
305087658,开开m,霍金如果来网易云估计腿就好了,16477
265176889,嗨到没头发,电音听多了，去KTV都不知道唱什么,14823
82816057,KyotoLonely,电音是一个人的狂欢,14671
112733224,内马尔的女朋友,现在是2016年4月20日，毛概课，老师没来，现在的我耳朵里塞着耳机，听着电音抖着腿，眼睛看着窗外，有人有车有花草树木，我在想我还有多少个十八岁。,13944
91716043,极致不正经的boy,喜欢电音的人 一般都是喜欢笑的。,10244
39973596,帐号已注销,卧槽，发现新大陆[强][强][强][爱心][钟情],8585
104680590,域覍妳,即将30岁一事无成，拿着几千块钱的工资供着房子养着孩子，干着随时可能离职的工作，外账欠了好几万。看着熟睡的孩子，一个人在电脑前迷茫着听着这首歌。我不知道明天会怎样，我只知道压力压得我喘不过气，我只知道我会坚持活着，因为我有了责任。,8369
79754876,風行Windwalker,同时混迹于古典，电子，二次元的我好累[大哭],7204
111210536,毒电子,有次上课老师介绍音乐我却喊了一句DJ，于是全班人都用异样的眼光看着我…在很多人眼里，DJ好像就有种土气，流氓的感觉，所以我想改变这种现状…,6734
109123566,艾琳斯特拉,没有男朋友的原因就是找不到共同嗨点[呲牙],4201
122515257,宇锅锅贼,在课堂上不小心外放了这首，但没想到老师不但没有没有制止而是说了句把它放完。下课之后亲切的问了我这首歌的名字然后扣了我的平时分。,2193
﻿用户Id,昵称,评论内容,点赞数
52271994,Harris丶哈里斯,全套歌词都是我上传的，包括中文[吐舌],372220
12486437,挨冻_凯尔,MV中讲诉了五个人物：将爱人推入水中的少女；舍弃一切独自远行的老人；家庭被毁持枪报复的男孩；试图偷窃后被发现的少年（由Zedd本人出演）；无助彷徨试图自杀的姑娘。故事虽然绝望，但如果你仔细听，会发现疾风骤雨的剪辑下，反而让我们感受到生命的激烈和张扬。（Via 毒蛇电影）,115455
48353,网易UFO丁磊,祝各位新年快乐，2016会更好！,96637
43599298,FUSUX,听着歌冲到操场上面的草地，拔拔拔拔拔拔拔拔拔拔,68596
119815553,知味m,We are beautiful now.高考英语作文以此结尾。[开心],61483
250144695,旋风冲锋龙卷风啊啊啊,我的婚礼进行曲一定要是《glad  you came》 《beautiful in  white》《carry you》《beautiful now》今年我17，但我发誓 我的婚礼一定会有这4首做我的进行曲，my soul sister[钻石][钻石][爱心][爱心],45105
6540418,乐柚Leo,观后感：若活在当下，请活得灿烂。[爱心][强],43681
100666245,魔力Red丶红,一个人在离家2000公里外的山沟里当兵，我坐在山坡上，看着田埂上的小孩放着风筝，大人在屁股后面跟着跑，笑容不知不觉爬上嘴角，太阳很刺眼，我很想家,32855
54067764,fakefuckface,适合购物节目用作bgm[大笑][大笑],19651
255514903,ConstantinT,斗鱼赛文柒的战歌 看他直播有一年了 给我们带来了洛杉矶的一切景象 人到离别终有时 昨天他离开了生活了七八年的美国 看着他们兄弟之间的离别 真的很挫心 希望他好好过下去,13874
94918299,Kai就是我,"洛杉矶的最后一站，洛杉矶的最后一吻 
当飞机起飞的时刻，那个曾属于赛文的洛杉矶鸭王时代不会随年华逝去，而只会随年华的飘零中常常记起。——beautiful now",11390
73847935,SZNikolai_尼古莱,看完MV之后真的被感动到了，紧凑的节奏配上五个性迥异生活环境完全不一样的人们所带来的感觉毫无违合感，他们身上所释放出来的不仅仅有年轻时不羁的活力与对自由奔放的向往，还有老年时不屈不挠的傲气。看完之后我真的感觉到了青春年华中所需要的一切，那就是beautiful now,8510
300120339,A恶意Z,"高考完了   大家都在卖书远走高飞
我独自一人捡着书原路返回
众人北向  我自西行",8344
311666396,湾区之子,五一假期，舍友都和女友出去游玩了。他们去了祖国的大江南北，欣赏着祖国的大好河山。而我此镇守着宿舍楼，孤独的刷着英文歌曲。高数题、英语单词成了我的伙伴。其实，我不介意一直孤独，我只是不想变得微不足道。可我的鼻子还是酸了，Haha，l am beautiful now.I am beautiful forever...,4819
1670290065,藜木星萝,即将踏入高考考场，愿一切顺利。Just have a beautiful end  of my high school life 🔥💐,4276
﻿用户Id,昵称,评论内容,点赞数
55135806,Nanorod,女声明明不错啊，如果同样的声音名字换成有名的美国女歌手，评论就会完全不一样了吧？,170820
30530439,超人王王王,当初喜欢一个女生到最后的分手后的抑郁  导致割腕  如今早已过去5年之久     当听到  就像是当初割破手腕热血四溅后突然觉得生活充满意义     瞬间感觉爆棚  珍惜生活 热爱生命吧,108896
129972105,我能杀了你吗朋友,刚开始以为英文Rap，本身我就非常喜欢Rap的，但后来听到中文完全惊呆了，说实话很少听到这么Nice的中文Rap。,92447
104439337,Michelle的Avril-Lavigne,看到评论批评夏呈青和廖伟珊的声音毁歌 我不觉得啊 反而认为更加凸显出中国人音色的不同 天下音乐为一家 相互交融才更能成为大家收藏的珍品不是吗？,51654
37178286,junlian-,这个年轻人很有理想很有才，就是想转发一下[呲牙],51232
135248505,怪异的人啊,看见很多人说女声不好听，但是我觉得女声出来很惊艳很好听啊,48271
131552758,OR大魔王,美式 英式 澳洲 美国各个州 说的英语都不一样......就和中文的方言一样 [兔子],35895
396287395,欧阳秋茹,这首歌是满舒克写给父亲而不是情歌，希望你们可以去看看mv，很动人。父亲给空座位夹菜的时候我哭了。,33743
598887818,帐号已注销,"""你听的什么啊？""""一些治愈孤独和抑郁的歌。"" ""但是我看你每天都很高兴啊。""""我高兴是因为我很庆幸我活着。"" ""为什么呢？""""因为活着可以让我好好享受孤独和抑郁这种美妙的感觉。""""既然你很喜欢这种感觉，那为什么还要治愈它呢？""""因为这种感觉可能会让我死去。""",25602
37634814,-崔胜澈弟弟-,千疮百孔那里怎么有点骚气我那么喜欢😂😂😂😂😂,21602
19518120,我的目标是看完所有gai片,有guts又不会尴尬的本土rapper....          ,14940
1757561810,安野子,"数学书上有个温柔且霸气的词：有且只有
数学书上有个严谨且坚定的词：当且仅当
数学书上有个遭雷劈的词：存在且唯一
数学书上有个很远的词：平行且不相交
数学书上有个最好的词：求和
数学书上有个绝望的词：无解
数学书上有个执着的词：恒成立
数学书上还有个残忍的词：充分不必要",12196
111921969,Positive-Mind,"这首歌里面最喜欢夏呈青的part，难道只有我一个人这么认为？[大哭]
怎么成了毁歌的存在[口罩]",12110
579857595,考不上大学去抗日-_,网易云其实还有很多好歌等你发现,10970
1856075808,冷静殇漠,"⠀
⠀⠀
⠀ ⠀
『我希望正在看评论的人永远开心』⠀
⠀
⠀
⠀",9893
﻿用户Id,昵称,评论内容,点赞数
31865433,紫珊醉,每天坚持跳绳，每天坚持好好吃饭，吃水果，可是怎么皮肤还是不好！研究生太枯燥了，可我要完成大论文才自由。我告诉自己，坚持做完大论文，坚持。研究生生活让我明白，人生不可以凑合，工作不可以，爱人不可以，什么都不要凑合，一旦凑合，你就软弱了。不管将来会怎么样，都要坚守内心，不然就如同死去,59158
19616298,苏措,#宫崎骏获终身成就奖#为年轻人造就了梦想的爷爷悄然迟暮 是我们来守护天空的时候了 奥斯卡终身成就奖尚不足以彰显您伟大的一生 那些经典故事不会褪色 会是永远的铭记 致敬大师 宫崎骏永恒 吉卜力永恒[爱心],21974
9407734,话梅来开门一看是果冻,听完之后感觉突然喜欢这个世界了😇😇😇,20226
60836134,贺亮Le0,三岁的女儿说这是睡觉歌，说完就自己爬在小枕头上睡着了，萌了我一脸血,18118
9035818,金芳flora,“我知道世事无常，但是星空的美景总能引发我的梦想。”（文森特·梵·高）晚安！,15609
73197893,帐号已注销,人一生会遇到约2920万人，两个人相爱的概率是0.000049。所以你不爱我，我不怪你。,14683
102377843,韶华倾覆丶泪落弦断,有谁记得那条白龙的名字叫琥珀川，还有煤炉爷爷,13199
32754025,IXCI,当初在高中校园里听到这首八音盒版的曲子，就仿佛看到一个小女孩在蹦达地跳着走，那感觉真是太美了[憨笑],11581
115637639,幻影城主_phoenix,久石让和宫崎骏已经合作25年了，两位老爷爷能不能再合作25年呢，没有了你们的音乐和动画，童年就少了太多回忆，世间就少了太多纯真烂漫。,9400
61586263,娇尼呆普,听的我睡不着了 因为宫爷子想去日本看一看他笔下的真实日本,6462
55769032,私奔去颐和园,我愿和喜欢这首歌的做朋友。即使我没有多少朋友,6364
267394504,司祜,宫爷爷是什么鬼，宫崎骏难道不是姓宫崎吗？[呆],5680
93043971,未来属于我们,钓鱼岛风波最严峻的那年，老爷子曾向日本媒体公开指责安倍政府，不严面对历史，会害了后人，就慰安妇事件力挺中国。2013年72岁的老爷子在发布会上笑着说：“我曾几次宣布隐退，这次是真的。”二战后日本成了我们世界上最大的敌人，老爷子是个好人，一生为人正直。把这条顶上去，给老爷子点掌声吧,4889
90662349,帅比健健,"收拾屋子的时候找出很多玩具小兵，他们吵吵嚷嚷着要去打仗，要飞机。我就给他们折了几架纸飞机，他们很高兴，又抬出一张照片说，我们司令不见了，你这么有本事，请帮帮忙吧！我愣了愣，说，你们的司令不会回来了。小兵们哭了，问，司令是牺牲了吗？
---没有，他只是长大了。[流泪]",4654
48397967,weareyoung_,宫爷爷，希望有一天能见到你！,3563
﻿用户Id,昵称,评论内容,点赞数
489008006,老板_菠萝饭,大家交朋友的时候一定要慎重，尽量多交一些酒品好的朋友，昨天一个哥们喝多了竟然给我打电话说暗恋我很久了！卧槽，原来他是一个同性恋！太可怕了！最气人的是，第二天他把这事给忘了！害我白高兴了一个晚上。,9661
93276575,圅薄荷,我想开个网易云线下KTV和酒吧 希望和我一样自从用了网易云就再也没能在KTV点到能唱的歌 和再也在土嗨酒吧呆不下去酒量直线下降的孩子都能有找到家的感觉,3033
134211035,hanshiyi11,我就是喝多了的那个人。其实我酒量很好，只是想借着醉酒的由头给他表白，可他在电话里沉默了好久后把电话挂了，所以我第二天假装忘记想继续做朋友。没想到那小子心里是开心的！害我伤心了一晚上！,2669
428034855,帐号已注销,日推³[憨笑],1228
255047460,鹿与折耳猫,一定是你對我施了魔法 我才會看到你就想扑進你懷裡,1012
312150528,SauRyMS_Randy,女声犯规了啊！,634
279342171,西谷风吹散离桑人,大家好，我是那个手机，有天晚上有个男的喝了好多酒，给另一个男的打电话告白，我作为一个大F团的一员，我就把被告白那一方说的话屏蔽了。所以告白那货，也就是我的主人以为他没说，不同意，就伤心了一个晚上，幸亏我机智，不然我就目睹了一对Gay的诞生。,604
568027882,夏目貴志丨,你一定不知道那些一见到你就笑的人有多喜欢你,205
295718435,尢厘,"子曰：三思而后行
1...2...3...
我喜欢你",201
255253951,SuspensefulThirdDay,大家交朋友一定要慎重，尽量交一些豁达开朗的朋友，昨天我假装喝醉给我怀疑已久的朋友表白，他假装很生气，可是忘了挂电话，还开了免提，我晚上就一直听着，他嘿嘿笑了一晚上，床还咯吱咯吱的响，第二天我就明白了一切，故意说我忘了。他还把这件事发表在了网易云评论里，以为自己可以一直瞒下去,194
1309491710,Hanny小姐的Piggy先生,"邻居家的小孩到我家来玩，把我的iPad玩坏了,我就问他为什么要站在iPad上面，他说: 我以为是电子秤。那为什么要蹦来蹦去的呢，他说以为电子秤不灵了。我真的特别想把他打一顿，但是想想毕竟是我自己的儿子还是算了。",171
3445321,遇见你那是一个奇迹,后续呢，好想听啊，嘿嘿， 我是和我一个男性朋友在酒的作用下发生了不可发生的事，现在都没有说话，我们都是值的，怎么办啊[大哭],115
1675128445,帐号已注销,欢迎收看网易大型狗血剧《两个同性恋喝酒表白的故事》,90
489008006,老板_菠萝饭,“后续呢，好想听啊，嘿嘿……”你确定你是直的？？,82
267057113,就这样抱着你多好,You put the magic in my bones，一定是你对我施了魔法，Now I know，现在我知道了，You put the magic in my bones，你对我施了爱的魔法。,78
﻿用户Id,昵称,评论内容,点赞数
34014873,吹阿吹,如果我颓废了我会愧疚，每当深夜挑灯时，想想未来和父母，你只能选择奋斗。2015年的中考，人生第一个岔路口，我要拼尽全力！,331604
37278082,Uncle-宋,网易云真心是懂音乐的工程师为爱音乐的人奉献的诚意之作，必须大赞！,207456
256834796,一言不合就闭眼抖腿,成功的速度一定要快过父母老去的速度,195073
7988684,帐号已注销,钢琴+鼓点，敲代码绝配,137901
111774596,XIANGXIAOXING,还记得 最后一节语文课 老师说:“拿出一张纸默写” 全班一片撕纸声 老师说:“错一个一百遍，少一个两百遍” 全班一片抱怨声 “老师，默什么啊？” “全班同学名字”  时光不老 我们不散,132701
124569624,Usami_Akira,你老婆用嘴唱出了鼓点和钢琴音，厉害！,75376
40373462,Sunny_叔叔,这首曲子让我无法形容，一听到前奏就能回忆起小时候的故事，那个街道，那帮伙伴仿佛历历在目，伴着音乐又在眼前一晃而过,65524
315601044,南咕笙烟,"女孩子为什么要努力，因为你不能一直做爸妈的小棉袄，等你长大后，你要做他们的防弹衣，当自己一个人时，你还要做自己的铠甲。
♡cr.",54151
350377778,别动我的储蓄卡,把圈子变小，把语言变干净，把成绩往上提，把故事往心里收一收，现在想要的以后都会有。,47557
15616408,维尼才不喝奶茶,有些歌听个两三遍就不想入耳了有些反倒是越听越爱呢,43712
577660127,赌上一切只为赢,"中考-高考-大学
这是一个淘汰赛
一个阶段一个阶段的淘汰
中考
中考将会淘汰一部分人而去上高中
高考
而高考将会淘汰一部分而让比你努力百倍的人去上大学
时间不会为你而停止，so我们要不断的追赶时间，超越自己♡
我们唯一的恐惧就是恐惧的本身
至将在2020 6.7踏进高考这个战场的每一位同学🐾",39906
447881777,穿着粉红裤衩的媛,今年高三，刚下晚自习感觉很累。说实话高三有点迷茫，因为再也没有小时候那样说出自己要考清华或者北大的勇气。每天就三点一线式的生活，食堂，教室，宿舍。活的像台机器。每天都是抱怨生活的艰苦，然后继续前进。奔跑吧，用绝望追不上的速度！致我的战友和敌人们。,39243
115317928,急支糖浆就是萍,距高考还剩7天，不忘初心，坚持下去，find yourself，believe yourself,35961
30063386,鳖等闲,百听不厌[亲亲][亲亲] 谢谢网易 在这里真的找到好多喜欢的音乐[亲亲][亲亲],29004
46903104,丶他的吉他,520，一个人单身着。但是我有手机，耳机，还有网易云，单身又怎么了[憨笑],23164
﻿用户Id,昵称,评论内容,点赞数
117561132,桜羽亦,"我们在这个有10^{90} 个基本粒子的宇宙中，它的物质是有限的，排列组合也是有限的。只要它持续演化10^{10^{122} } 年，总会回到以前经历过的某个状态。

尽管这个时间长得没办法想象，但总有一天，那时，你还是你，我还是我，宇宙还是这个宇宙，一切都回到现在。

同样，在很久以前，我们都曾出现过。",262301
87882136,土豆土豆马铃薯,论如何一个人在家嗨成狗。取下耳机无限的孤独感。带上耳机卧槽我是全世界。,146760
101722582,郭-漂-亮_,物理系的来插句嘴，基本粒子至今没被发现，也绝对不是这个数量级。粒子的组合规律复杂美丽，绝对不是完全随机。最后给出的时间超过了现在宇宙存在的时间，所以无论多久以前，也没有我们存在。但是想到我们身体的微粒或许曾经漂浮在宇宙里，在无限的虚空里散发星辰的光，也是很美的事情。顶上去 ,76722
597188539,弹琴只弹御坂美琴,由于国内的错误认识，DJ长期以来被当作一种音乐曲风，但事实上，DJ并不是音乐风格，许多人会把电音错误叫成DJ，DJ只是职业，是职业名词，工作主要是打碟，DJ指夜店(club)、酒吧(bar)、Live House、仓库派对、音乐节等场所的打碟工作者。我知道我的评论会沉下去，但我不想Dj再被人误解[拜],74046
79130504,這人很丧,说出了很多孤独患者的心声！[强],54353
72580066,SHEN1X,凌晨一点在拉斯维加斯执行任务 码表显示290km/h 前面一犊子在逃,37993
103611452,HiJunJunChen,一入网易深似海，从此耳机不好买[奸笑],35775
135884217,忧郁的黑白色,这话听起来挺带感的，但是不可能。你这段话基于庞加莱定理，但是要想实现得把宇宙理想化，才能进行计算，宇宙中能被观测的普通物质占5％，暗物质和暗能量的组成和性质不清楚，而且宇宙是否是孤立的系统还未知，若不是，庞加莱就不能用，而且在你那个时间量级上，稳定的质子都可能衰变。所以不现实。,32514
560903869,老娘反手就是一套乌鸦坐飞机,"下辈子我想倒着活一回 ,第一步就是死亡 ,然后把它抛在脑后 .在敬老院睁开眼 ,一天比一天感觉好 ,直到太健康被踢出去 .开始领养老金 ,然后开始工作 .40年后 ,够年轻了 ,和那个熟悉的人 ,从分手开始 ,越来越恩爱 ,直到第一次见面 ,相视一笑然后各自转头 .",29049
10785520,任淘淘学不会小清新,A new day.[幽灵],18513
452027982,诺坎普与猫,但你要知道宇宙大爆炸之后它在以一个无法想象的速度膨胀着，就在我码字的时候它都不知道膨胀了多少，它的粒子排列组合也是在以一种无法想象的速度增多着，如果它会永远这样膨胀着可以断定几乎不可能回到以前的某个状态，所以我们的未来是无法想象的无数种可能等着我们，只需珍惜好当前就好,17268
427945069,Lyanna-Stark,霍金[拜][拜][拜]脱离了这幅受限制的皮囊 你终于可以畅游宇宙了,14291
1465571949,YouPretty_,"“这话听起来挺带感的，但是不可能。你这段话基于庞加莱定理，但是要想实现得把宇宙理想化，才能进行计算，宇宙中能被观测的普通物质占5％，暗物质和暗能量的组成和性质不清楚，而且宇宙是否是孤立的系统还未知，稳定的质子都可能衰变。所以不现实。” 
曾有你，曾有我，只是不再有我们。",8553
324687108,追梦言末,"如果加上时间的纬度，想要连续时间的组合重复，这个时间将指数性增加。

也许那一瞬间，你还是你，我还是我，宇宙还是这个宇宙，但是那时的你我已不是现在的你我，你我的过去未来都不一样。

同样的，在很久以前，我们都曾出现过，但我们都已不相同。",8100
319315684,adbdlll,给人一种期待和期望感[憨笑][强],5664
﻿用户Id,昵称,评论内容,点赞数
536273649,小猪好瘦啊,梦梦的运镜看着好舒服啊😍,63295
1317500866,云村颜值大担当,我日常就是听这种歌啊，去KTV我就是不知道唱什么鬼啊，[撇嘴],62315
312479438,我啥也没说啊,"I wanna, I wanna, I wanna, I wanna really really really wanna zigazig（jiji？） ha
我想要 我想要 我想要 我真的真的想要zigazig ha（jiji蛤？）
 What do you think about that, now you know how I feel
现在觉得如何 明白我的心了吗（我。。。明白了）",36345
594050888,笑凡尘乄,一直单曲循环，全程都在等那几句😂,32711
607747908,黑色的羊i,为什么你们听歌都能写出那么牛哔的感慨[大哭]而我只能，卧槽，好听，下载了…[大哭],27335
633405375,亅丿丶,不会谈恋爱就不谈 不会讲话就不讲 交不到朋友就不交 讲不通道理就屏蔽 看不顺眼就删好友 喜欢的东西得不到就不要 追不到的人就不追 做一个节能环保低消耗的人类 激情社会靠大家 我先走远了.,21473
96765924,被风吹过D夏天,"我就喜欢听那几句，挖俩挖俩挖俩挖俩瑞丽瑞丽挖~
",10760
324435702,九重性格,"正在洗澡得我，眯着眼睛,冒着沐浴露进眼里得风险,屁颠屁颠地跑出来点了个红心[大哭][大哭]",9355
325535537,帐号已注销,“为什么还没有翻译？？以为劳资英语八级吗？？？”,8614
1403827023,UnlikePluto-Official,"hi guys, thank you so much for your patience! ❤️❤️❤️",8189
436968632,以七为画,单曲循环到、,5054
107564241,都别打扰让我飘,她睡着了。,5029
324132231,Lc180,今天上班被老板娘骂了很难过。自己一个人走在路上，外面很冷我想哭但是我忍住了，回到家看着镜子里憔悴的我很好笑。然后冒出来一个鼻涕泡，然后破了我偷偷的笑了起来,3574
441627205,江羡筠,真的哭了，今天看到版权回来，真的感动，网易真的不让人失望qwq,3202
1640056884,jetaimais1811,"嗯，明天就高考了
说不紧张是假的
愿所有高考生
希君生羽翼，一化北冥鱼。
加油～",2991
﻿用户Id,昵称,评论内容,点赞数
317437114,ROLLINZ幼稚王,白羊颜值普遍都高,289588
98357645,周果亦,之前在杭州和龙龙一起吃饭的时候，他给我看了这个词，就很期待这首歌，后来也很开心参与了编曲制作，希望你们喜欢这首热烈的白羊[星星][爱心],172004
129687062,任先生-,我是白羊，我很花心 花心的爱她所有的样子。,145929
312454975,蛋糕和你嘴角的果酱我都要尝尝,陈瑞一定是个短发的白羊座小可爱吧💕,87806
472588863,帐号已注销,自从遇见你                                                                              人生苦短 甜长,76186
454421649,阿长pidog,天秤与白羊[心碎] 缠绵后相忘。拥有白羊的请珍惜,74559
376270403,帐号已注销,我是白羊的孩子，其实白羊座表面很傻，内心比谁都清楚，看起来是所有人的开心果是因为我们不想让谁不开心啊，宁愿自己委屈也不会让别人不开心，外冷内热的白羊，请珍惜你身边的白羊吧，他们真的很累但是不会说，性子急护短的我，你愿意靠近我吗[爱心],58529
84331027,寄居蟹o,听这首歌的人要么是白羊座 要么就是心里住着一个白羊座,47937
531806778,失眠在冬日,希望有一天我也可以云淡风轻,46741
122690538,徐秉龙,“可爱不是长久之计，可爱你是长久之计。”,44106
410526600,-你怎么连话都说不清楚-,白羊座是一个没有安全感的孩子，爱音乐，非常非常爱，怕黑，却习惯晚睡，喜欢隐藏真正的心事，喜欢有口袋的衣服，否则会不知道手放在哪里，习惯抱臂，习惯冷战，有时会突然不知所措，喜欢窗户，喜欢蜷缩，喜欢写字和阅读，有时会莫名的孤单，感到无法抗拒的恐惧感，不爱说话又很爱说话。 ​​​,34062
407832877,安与大树,听一首喜欢的歌，                                                  感受生活明朗，万物可爱,29323
66823455,元气少女诗,"白羊座的梵高说：
“某种程度上，我就是一朵向日葵。”
白羊座的安徒生说：
“凡是能冲上去，能散发出来的焰火，都是美丽的。”
白羊座的三毛说：
“我笑，便面如春花，定是能感动人的，任他是谁。“
这就是白羊，热烈迷人且倔强。",28204
288047313,ForNight_49,"你仍是自由的白羊只是我已不是那位牧羊人[哀伤]",25383
41686976,-大胡子叔叔-,幸好我怀里现在就有个小白羊，每天搂着睡觉香[亲亲],24571
﻿用户Id,昵称,评论内容,点赞数
67774036,有只程序猿,作为程序猿的我，差点把代码粘到评论输入框,262339
39130502,白玛莲花,这么好的曲子一定要用在我的葬礼上,221266
253594989,翡翠丶幕,枯藤老树昏鸦，空调Wi-Fi西瓜.葛优同款沙发，夕阳西下，我就往上一趴，电音来一发,116981
259317152,初八boom,低端的人啊还在抖腿，而我已走在了双指骨折的前线上，响指不要打太狠太快！前辈的忠告[狗],82487
270542897,叫桓不叫恒,日推歌曲让我远离了中文，迈向了外语大道，一直到现在，我居然连外语都听不到了[大哭],81271
63404862,黛墨子,爱死一分多那一段笛声,70621
133618033,用户133618033,每次听到这种歌仿佛就在热带雨林里裸奔,68721
113154380,奶茶杯子,想考研别用网易云音乐。你会再来一年。[怒],44639
44679786,海绵波子汽水,哎呀 爱死这家伙了 封面一如既往的好看,32024
260878924,十七______,夏天一个人在家听这个，裤头都甩飞了[开心],27905
549092581,星浪i,我戴着耳机，写着作业，听着电音，老爸走进来，一脸愤怒不让我听着歌写作业，我说这是纯音乐，他不信非要听一下，现在耳机还没还我[怒],27016
363380170,我要死了1024,八年魔兽玩家向全体联盟玩家致敬，我曾经也瞧不起联盟，但现在，联盟也老了，we rng也输了，就像暮年般荒芜的艾泽拉斯一样，终将成为历史，成为回忆。但是，我们是两个时代的勇士与扩荒者！我们将一起老去，或许将来还会有比联盟和魔兽更优秀的游戏，但我们都将一笑而过，因为我们的青春比他们精彩！！,17083
97525034,S2U_Music,"电子乐，电音，纯音乐。已成为我每天生活中，必不可少的重要组成部分。在这个生活节奏快捷的时代背景下。它们成功的让我嗜瘾成性，犹如毒品。让我尽情的释放,激情.快乐.忧伤!",16185
340860350,阿钰yoyo,想要生活能比大白兔奶糖更甜[爱心],7651
108766159,玩儿123,我觉得是时候把手机上的AV删了，我空间都不够用了,6922
